val_BLEU_4,epoch,train_loss,val_BLEU_1,val_BLEU_2,val_BLEU_3,val_METEOR,val_ROUGE_L,val_loss,test_BLEU_1,test_BLEU_2,test_BLEU_3,test_BLEU_4,test_METEOR,test_ROUGE_L,time,seed,best_model_from
0.1426175696481852,15.0,0.9662597344471858,0.435183927437984,0.2693687562680606,0.1898005467050134,0.1702718097192536,0.3374930160617781,1.4962885630758185,0.4846198799340974,0.3165079445616348,0.2368148903375488,0.1880877563467185,0.1967919239015073,0.3738867116616621,Wed Mar 16 14:51:36 2022,9223.0,val
0.1426175696481852,15.0,0.9662597344471858,0.435183927437984,0.2693687562680606,0.1898005467050134,0.1702718097192536,0.3374930160617781,1.4962885630758185,0.4846198799340974,0.3165079445616348,0.2368148903375488,0.1880877563467185,0.1967919239015073,0.3738867116616621,Wed Mar 16 14:51:36 2022,9223.0,test
0.1386643343150371,14.0,0.9982632416945236,0.4253120370487869,0.2667495022835715,0.1860057481519192,0.1727698613679918,0.3411918370206745,1.5418005052365755,0.4672291311084609,0.303075859595399,0.2207677554821186,0.1708001560493802,0.1922463737572502,0.365735647996987,Wed Mar 16 22:10:55 2022,9223.0,val
0.1386643343150371,14.0,0.9982632416945236,0.4253120370487869,0.2667495022835715,0.1860057481519192,0.1727698613679918,0.3411918370206745,1.5418005052365755,0.4672291311084609,0.303075859595399,0.2207677554821186,0.1708001560493802,0.1922463737572502,0.365735647996987,Wed Mar 16 22:10:55 2022,9223.0,test
0.1130607803149258,16.0,0.7982665559420219,0.4069073206576277,0.2470820615403144,0.1651071772154944,0.1702747839503871,0.3144426496639405,1.6253343130412854,0.4094459078515454,0.2577753970315639,0.1811409073190956,0.1331585571358764,0.1899670652000105,0.3364764370579915,Thu Mar 17 00:22:18 2022,9223.0,val
0.1026257512694277,10.0,1.218028744367453,0.3931902618910644,0.2174558092507641,0.1433325075614402,0.1450522223064933,0.3063696672467432,1.5553963811774003,0.4342829700128319,0.258815587284657,0.1838086071463386,0.1403731267616465,0.1665222434678377,0.3374936300722629,Thu Mar 17 00:22:18 2022,9223.0,test
0.1426175696481852,15.0,0.9662597344471858,0.435183927437984,0.2693687562680606,0.1898005467050134,0.1702718097192536,0.3374930160617781,1.4962885630758185,0.4846198799340974,0.3165079445616348,0.2368148903375488,0.1880877563467185,0.1967919239015073,0.3738867116616621,Thu Mar 17 13:23:25 2022,9223.0,val
0.1426175696481852,15.0,0.9662597344471858,0.435183927437984,0.2693687562680606,0.1898005467050134,0.1702718097192536,0.3374930160617781,1.4962885630758185,0.4846198799340974,0.3165079445616348,0.2368148903375488,0.1880877563467185,0.1967919239015073,0.3738867116616621,Thu Mar 17 13:23:25 2022,9223.0,test
0.1157052992996962,1.0,3.832584366431603,0.3126222749568691,0.2111982697623975,0.1535534393397985,0.1498299834213871,0.3632560750939721,2.780903038225676,0.3561177409116124,0.2383881631420898,0.1744001066770211,0.1324754665503236,0.1646548028370351,0.3782225276175559,Thu Mar 17 14:46:55 2022,9223.0,val
0.1157052992996962,1.0,3.832584366431603,0.3126222749568691,0.2111982697623975,0.1535534393397985,0.1498299834213871,0.3632560750939721,2.780903038225676,0.3561177409116124,0.2383881631420898,0.1744001066770211,0.1324754665503236,0.1646548028370351,0.3782225276175559,Thu Mar 17 14:46:55 2022,9223.0,test
0.1371448470012936,15.0,1.0536873748669258,0.4326450956941801,0.2645080098642621,0.1842518290480398,0.1664304462494548,0.3355192487886862,1.4983508147691424,0.4730353583044553,0.3074827017760658,0.2298259461479387,0.1826109349909009,0.1920094043468965,0.3680961914688374,Thu Mar 17 20:01:35 2022,9223.0,val
0.1371448470012936,15.0,1.0536873748669258,0.4326450956941801,0.2645080098642621,0.1842518290480398,0.1664304462494548,0.3355192487886862,1.4983508147691424,0.4730353583044553,0.3074827017760658,0.2298259461479387,0.1826109349909009,0.1920094043468965,0.3680961914688374,Thu Mar 17 20:01:35 2022,9223.0,test
0.1130607803149258,16.0,0.7982665559420219,0.4069073206576277,0.2470820615403144,0.1651071772154944,0.1702747839503871,0.3144426496639405,1.6253343130412854,0.4094459078515454,0.2577753970315639,0.1811409073190956,0.1331585571358764,0.1899670652000105,0.3364764370579915,Thu Mar 17 22:01:16 2022,9223.0,val
0.1026257512694277,10.0,1.218028744367453,0.3931902618910644,0.2174558092507641,0.1433325075614402,0.1450522223064933,0.3063696672467432,1.5553963811774003,0.4342829700128319,0.258815587284657,0.1838086071463386,0.1403731267616465,0.1665222434678377,0.3374936300722629,Thu Mar 17 22:01:16 2022,9223.0,test
0.1204844726580488,3.0,2.3133170833954444,0.3550484335932013,0.2323820365279078,0.1679605584898749,0.1348456846854233,0.328424772812651,2.13363558367679,0.38587547242087,0.2528587833884442,0.1854087462441909,0.1354691658552624,0.1450218868723264,0.3373405396606908,Fri Mar 18 02:44:49 2022,9223.0,val
0.1204844726580488,3.0,2.3133170833954444,0.3550484335932013,0.2323820365279078,0.1679605584898749,0.1348456846854233,0.328424772812651,2.13363558367679,0.38587547242087,0.2528587833884442,0.1854087462441909,0.1354691658552624,0.1450218868723264,0.3373405396606908,Fri Mar 18 02:44:49 2022,9223.0,test
0.1426175696481852,15.0,0.9662597344471858,0.435183927437984,0.2693687562680606,0.1898005467050134,0.1702718097192536,0.3374930160617781,1.4962885630758185,0.4846198799340974,0.3165079445616348,0.2368148903375488,0.1880877563467185,0.1967919239015073,0.3738867116616621,Fri Mar 18 13:03:12 2022,9223.0,val
0.1426175696481852,15.0,0.9662597344471858,0.435183927437984,0.2693687562680606,0.1898005467050134,0.1702718097192536,0.3374930160617781,1.4962885630758185,0.4846198799340974,0.3165079445616348,0.2368148903375488,0.1880877563467185,0.1967919239015073,0.3738867116616621,Fri Mar 18 13:03:12 2022,9223.0,test
0.0889492855269491,22.0,3.67376789863293,0.2681284296110786,0.1781738932575461,0.1248444692436124,0.1253807248968399,0.3457420379881631,3.5121303734026457,0.3103061822523931,0.2060388708126646,0.145343365863845,0.1050184084638338,0.1405817042194681,0.3607288104060446,Fri Mar 18 14:51:33 2022,9223.0,val
0.0876701209848466,23.0,3.639227309593788,0.2664236837553304,0.1755861899708326,0.1231584676834716,0.1245859996347014,0.3467839882413016,3.4763482620841577,0.3046007088717107,0.203461334263529,0.1456575374313099,0.106693363835371,0.1375851944609036,0.3572149735535327,Fri Mar 18 14:51:33 2022,9223.0,test
7.76915420946713e-07,4.0,4.768444849894597,0.2248629722909148,0.1053581938592918,0.0150803242767638,0.0529120204576104,0.2091538673313902,4.648721393785979,0.2118216959436212,0.0969673975059971,7.874463054891438e-08,7.151498970059003e-11,0.0553138077416944,0.2040736791804708,Fri Mar 18 18:13:07 2022,9223.0,val
6.815207789361377e-07,5.0,4.667997550964356,0.2154898544109657,0.1000452242980644,0.0126774869433118,0.0530955245268132,0.2245772632791184,4.556658544038472,0.2272236551926461,0.1031424593553827,8.462054084378521e-08,7.741175211265612e-11,0.055993338285299,0.2212361864606539,Fri Mar 18 18:13:07 2022,9223.0,test
0.0918850129456941,21.0,3.7220778501950775,0.2802225849709696,0.18537854981054,0.129745190349981,0.1324775278201522,0.3481473968424912,3.5535121465984143,0.3173420858982706,0.2118000944713959,0.1501457000967313,0.1081525507182713,0.1432878093328445,0.3608139924384035,Fri Mar 18 20:26:59 2022,9223.0,val
0.0889740275462391,23.0,3.647121312068059,0.2548197447290575,0.1679786357901051,0.1216567281313011,0.111229999723536,0.3339021256081543,3.481711826826397,0.3047661457055655,0.2035165361289221,0.1494958231613517,0.1115853192172358,0.1287574884617392,0.3527060603457795,Fri Mar 18 20:26:59 2022,9223.0,test
0.1038889296459236,5.0,3.1758866145060614,0.2864374099501479,0.1882004155154154,0.137322467173684,0.1320377276296044,0.3534497303722503,2.9531461816085014,0.3327181309535301,0.215777594544199,0.1578682868442479,0.1206319093948512,0.1476884639010555,0.3696142221997414,Fri Mar 18 21:50:07 2022,9223.0,val
0.1038889296459236,5.0,3.1758866145060614,0.2864374099501479,0.1882004155154154,0.137322467173684,0.1320377276296044,0.3534497303722503,2.9531461816085014,0.3327181309535301,0.215777594544199,0.1578682868442479,0.1206319093948512,0.1476884639010555,0.3696142221997414,Fri Mar 18 21:50:07 2022,9223.0,test
0.1393756281033953,10.0,2.645120159479288,0.4079687934260384,0.2607178992135803,0.1852151610234023,0.1619610798688302,0.3680597895983535,2.49448919923682,0.450939449407349,0.2872011785027876,0.2061792231075944,0.1572254952538972,0.1792552092210435,0.3811257849932121,Fri Mar 18 23:15:28 2022,9223.0,val
0.1393756281033953,10.0,2.645120159479288,0.4079687934260384,0.2607178992135803,0.1852151610234023,0.1619610798688302,0.3680597895983535,2.49448919923682,0.450939449407349,0.2872011785027876,0.2061792231075944,0.1572254952538972,0.1792552092210435,0.3811257849932121,Fri Mar 18 23:15:28 2022,9223.0,test
0.1050563244097787,25.0,3.3735771032480093,0.2900500008423121,0.2028409369763124,0.1434664899086828,0.1555076014132787,0.3572701143240149,3.2586836187463057,0.3402331806385816,0.2383235966717757,0.1680388973884656,0.1228523278875204,0.1723748551451155,0.3707181437528877,Sat Mar 19 01:06:53 2022,9223.0,val
0.1050563244097787,25.0,3.3735771032480093,0.2900500008423121,0.2028409369763124,0.1434664899086828,0.1555076014132787,0.3572701143240149,3.2586836187463057,0.3402331806385816,0.2383235966717757,0.1680388973884656,0.1228523278875204,0.1723748551451155,0.3707181437528877,Sat Mar 19 01:06:53 2022,9223.0,test
0.1435387393463094,13.0,2.3462478656035204,0.36889548245837,0.2549827092225455,0.1893104340336174,0.17185187902225,0.3767573160967997,2.2107008632860685,0.4222583647563392,0.293752232296862,0.2219956284597935,0.1728181260075592,0.1912270335441218,0.3936717262541073,Sat Mar 19 12:58:17 2022,9223.0,val
0.1435387393463094,13.0,2.3462478656035204,0.36889548245837,0.2549827092225455,0.1893104340336174,0.17185187902225,0.3767573160967997,2.2107008632860685,0.4222583647563392,0.293752232296862,0.2219956284597935,0.1728181260075592,0.1912270335441218,0.3936717262541073,Sat Mar 19 12:58:17 2022,9223.0,test
0.137501433787024,17.0,2.396769751952245,0.3943858336275364,0.2537340225445704,0.1820732496329515,0.1606643543144498,0.3661267344204392,2.2034558936169275,0.440991247837576,0.2842157988080594,0.2065533712317727,0.1583634125380436,0.1793505903431952,0.377926090666096,Sat Mar 19 17:18:28 2022,9223.0,val
0.137501433787024,17.0,2.396769751952245,0.3943858336275364,0.2537340225445704,0.1820732496329515,0.1606643543144498,0.3661267344204392,2.2034558936169275,0.440991247837576,0.2842157988080594,0.2065533712317727,0.1583634125380436,0.1793505903431952,0.377926090666096,Sat Mar 19 17:18:28 2022,9223.0,test
0.1449637624540376,17.0,2.139991123859699,0.3835350168447728,0.2642642817851435,0.193011585944293,0.1729451869398888,0.3762296818025593,2.155071923607274,0.435018496322131,0.3017335690438102,0.2243361411799495,0.1724814254741292,0.1934128739916525,0.3960703880122023,Sat Mar 19 23:17:11 2022,9223.0,val
0.1435387393463094,7.0,2.463220389072712,0.36889548245837,0.2549827092225455,0.1893104340336174,0.17185187902225,0.3767573160967997,2.3736719708693657,0.4222583647563392,0.293752232296862,0.2219956284597935,0.1728181260075592,0.1912270335441218,0.3936717262541073,Sat Mar 19 23:17:11 2022,9223.0,test
0.1520060515341599,15.0,2.289159153057979,0.4130423718129554,0.2808384200015859,0.2044342993498039,0.1720309476551909,0.3770386995450573,2.344039007237083,0.4601502300596534,0.3199874769935364,0.2395702838390149,0.1832216177696106,0.1919600007791813,0.3929287113703945,Sun Mar 20 00:47:39 2022,9223.0,val
0.1520060515341599,15.0,2.289159153057979,0.4130423718129554,0.2808384200015859,0.2044342993498039,0.1720309476551909,0.3770386995450573,2.344039007237083,0.4601502300596534,0.3199874769935364,0.2395702838390149,0.1832216177696106,0.1919600007791813,0.3929287113703945,Sun Mar 20 00:47:39 2022,9223.0,test
0.1498420422011967,8.0,3.035543847084045,0.3665918167072788,0.2619589442700087,0.1996341442933449,0.1490119269881885,0.3501991433029618,2.812224036768863,0.4082823092093322,0.2967282485638473,0.2305874260702043,0.1781526395587202,0.1686865555479426,0.3683411581973834,Sun Mar 20 12:16:31 2022,9223.0,val
0.1498420422011967,8.0,3.035543847084045,0.3665918167072788,0.2619589442700087,0.1996341442933449,0.1490119269881885,0.3501991433029618,2.812224036768863,0.4082823092093322,0.2967282485638473,0.2305874260702043,0.1781526395587202,0.1686865555479426,0.3683411581973834,Sun Mar 20 12:16:31 2022,9223.0,test
0.1430576481897264,11.0,2.1722774899922883,0.4143670083039694,0.2734236728231363,0.1936892188435686,0.169704524480666,0.3573598657541454,2.1064593666478206,0.4549113880806599,0.3031272023869519,0.2189099294907494,0.1656912172198496,0.1864235276463146,0.3728908100164618,Sun Mar 20 15:14:01 2022,9223.0,val
0.1430576481897264,11.0,2.1722774899922883,0.4143670083039694,0.2734236728231363,0.1936892188435686,0.169704524480666,0.3573598657541454,2.1064593666478206,0.4549113880806599,0.3031272023869519,0.2189099294907494,0.1656912172198496,0.1864235276463146,0.3728908100164618,Sun Mar 20 15:14:01 2022,9223.0,test
0.170627536908104,7.0,2.9457976799744827,0.4789778519633142,0.3197936586946697,0.230342180985966,0.1905080378155187,0.3924274310174153,2.8263143363751864,0.5250344551724739,0.3548811648949552,0.2609160299581414,0.1987093636389954,0.2118597634446045,0.4125575070040932,Sun Mar 20 19:48:12 2022,9223.0,val
0.170627536908104,7.0,2.9457976799744827,0.4789778519633142,0.3197936586946697,0.230342180985966,0.1905080378155187,0.3924274310174153,2.8263143363751864,0.5250344551724739,0.3548811648949552,0.2609160299581414,0.1987093636389954,0.2118597634446045,0.4125575070040932,Sun Mar 20 19:48:12 2022,9223.0,test
<<<<<<< HEAD,,,,,,,,,,,,,,,,,
0.170627536908104,7.0,2.9457976799744827,0.4789778519633142,0.3197936586946697,0.230342180985966,0.1905080378155187,0.3924274310174153,2.8263143363751864,0.5250344551724739,0.3548811648949552,0.2609160299581414,0.1987093636389954,0.2118597634446045,0.4125575070040932,Sun Mar 20 22:05:47 2022,9223.0,val
0.170627536908104,7.0,2.9457976799744827,0.4789778519633142,0.3197936586946697,0.230342180985966,0.1905080378155187,0.3924274310174153,2.8263143363751864,0.5250344551724739,0.3548811648949552,0.2609160299581414,0.1987093636389954,0.2118597634446045,0.4125575070040932,Sun Mar 20 22:05:47 2022,9223.0,test
0.14261756964818523,15.0,0.9662597344471858,0.435183927437984,0.2693687562680606,0.1898005467050134,0.1702718097192536,0.3374930160617781,1.4962885630758185,0.4846198799340974,0.3165079445616348,0.2368148903375488,0.1880877563467185,0.1967919239015073,0.3738867116616621,Mon Mar 21 18:20:14 2022,9223.0,val
0.14261756964818523,15.0,0.9662597344471858,0.435183927437984,0.2693687562680606,0.1898005467050134,0.1702718097192536,0.3374930160617781,1.4962885630758185,0.4846198799340974,0.3165079445616348,0.2368148903375488,0.1880877563467185,0.1967919239015073,0.3738867116616621,Mon Mar 21 18:20:14 2022,9223.0,test
=======,,,,,,,,,,,,,,,,,
0.1498655583739871,2.0,3.246655038686899,0.4654855181051926,0.3120056622148652,0.2139106969333333,0.1930161419116035,0.3834934321081895,2.8051396420127466,0.5054543672699946,0.3399401802588196,0.2356670350366401,0.1661197408465689,0.2094946950164355,0.3996212983544662,Mon Mar 21 06:40:21 2022,9223.0,val
0.1498655583739871,2.0,3.246655038686899,0.4654855181051926,0.3120056622148652,0.2139106969333333,0.1930161419116035,0.3834934321081895,2.8051396420127466,0.5054543672699946,0.3399401802588196,0.2356670350366401,0.1661197408465689,0.2094946950164355,0.3996212983544662,Mon Mar 21 06:40:21 2022,9223.0,test
0.1655096446958208,11.0,2.349632108211517,0.4064202437611535,0.2899870601053317,0.2177442402574898,0.1594261737489537,0.3680007855225718,2.347568173157541,0.4469193439154266,0.3248533702885557,0.2499151451725184,0.1943210413324566,0.1791028279695001,0.3872280125717201,Mon Mar 21 08:25:21 2022,9223.0,val
0.1655096446958208,11.0,2.349632108211517,0.4064202437611535,0.2899870601053317,0.2177442402574898,0.1594261737489537,0.3680007855225718,2.347568173157541,0.4469193439154266,0.3248533702885557,0.2499151451725184,0.1943210413324566,0.1791028279695001,0.3872280125717201,Mon Mar 21 08:25:21 2022,9223.0,test
0.1676732868193933,15.0,2.2197776812773484,0.4603167273692958,0.3126168188574517,0.2261049815286429,0.1832239025367127,0.3962760382819523,2.153490662574768,0.5044115458022428,0.3491863859200683,0.2589497879585938,0.1974557469678786,0.20195768573301,0.4147972676398943,Mon Mar 21 08:29:06 2022,9223.0,val
0.1676732868193933,15.0,2.2197776812773484,0.4603167273692958,0.3126168188574517,0.2261049815286429,0.1832239025367127,0.3962760382819523,2.153490662574768,0.5044115458022428,0.3491863859200683,0.2589497879585938,0.1974557469678786,0.20195768573301,0.4147972676398943,Mon Mar 21 08:29:06 2022,9223.0,test
0.1702341430286218,11.0,2.6342235271747296,0.4798296735091232,0.3371344213936796,0.2377913493735801,0.1968648157209366,0.3847316729724875,2.643233901575992,0.5224561280372246,0.3681608555976321,0.2614962365543732,0.1915200855688532,0.2134764853561559,0.3989707584812234,Mon Mar 21 19:10:31 2022,9223.0,val
0.1702341430286218,11.0,2.6342235271747296,0.4798296735091232,0.3371344213936796,0.2377913493735801,0.1968648157209366,0.3847316729724875,2.643233901575992,0.5224561280372246,0.3681608555976321,0.2614962365543732,0.1915200855688532,0.2134764853561559,0.3989707584812234,Mon Mar 21 19:10:31 2022,9223.0,test
0.149254905421822,24.0,2.2859502838208123,0.4710751992749858,0.2962659599221198,0.2047312575237712,0.183842089246763,0.3831221848011422,2.098965839335793,0.5112163549906152,0.3255298351073382,0.2298775929085089,0.1717260555323202,0.2024413229027609,0.4006436767442027,Mon Mar 21 19:13:51 2022,9223.0,val
0.149254905421822,24.0,2.2859502838208123,0.4710751992749858,0.2962659599221198,0.2047312575237712,0.183842089246763,0.3831221848011422,2.098965839335793,0.5112163549906152,0.3255298351073382,0.2298775929085089,0.1717260555323202,0.2024413229027609,0.4006436767442027,Mon Mar 21 19:13:51 2022,9223.0,test
0.1333521601526818,15.0,0.917184442281723,0.4196113615384975,0.260121488513334,0.1809069383142794,0.1638399193645969,0.3367424097167378,1.5154925239713568,0.4664927203216663,0.3035176942534515,0.2255587446678152,0.1779012513352272,0.187748657277901,0.3674431209845189,Mon Mar 21 20:12:02 2022,9223.0,val
0.1333521601526818,15.0,0.917184442281723,0.4196113615384975,0.260121488513334,0.1809069383142794,0.1638399193645969,0.3367424097167378,1.5154925239713568,0.4664927203216663,0.3035176942534515,0.2255587446678152,0.1779012513352272,0.187748657277901,0.3674431209845189,Mon Mar 21 20:12:02 2022,9223.0,test
0.1436618395046872,1.0,3.5520961963213407,0.3729485532219229,0.2525630950494232,0.1879216584581466,0.1595144898714351,0.3654318236434857,2.6102623563063774,0.425460458628295,0.2911254508172036,0.2206114874438528,0.1722939163899988,0.1796224933733589,0.3834031548021315,Mon Mar 21 20:33:32 2022,9223.0,val
0.1436618395046872,1.0,3.5520961963213407,0.3729485532219229,0.2525630950494232,0.1879216584581466,0.1595144898714351,0.3654318236434857,2.6102623563063774,0.425460458628295,0.2911254508172036,0.2206114874438528,0.1722939163899988,0.1796224933733589,0.3834031548021315,Mon Mar 21 20:33:32 2022,9223.0,test
0.1420104979097478,11.0,2.2369447414691632,0.4247734856814663,0.2713623790911945,0.1898438877599145,0.1681872106102306,0.3694940169170902,2.259977880277132,0.4696252177358574,0.3007924010919985,0.2128532633514762,0.1598458989311618,0.1879724434588927,0.3851867300417309,Mon Mar 21 20:58:18 2022,9223.0,val
0.1420104979097478,11.0,2.2369447414691632,0.4247734856814663,0.2713623790911945,0.1898438877599145,0.1681872106102306,0.3694940169170902,2.259977880277132,0.4696252177358574,0.3007924010919985,0.2128532633514762,0.1598458989311618,0.1879724434588927,0.3851867300417309,Mon Mar 21 20:58:18 2022,9223.0,test
0.122207538537131,1.0,3.788810768494239,0.3520457630598576,0.2279206712365908,0.1628455634858382,0.1558500300576093,0.3694414720504239,2.736063129023502,0.4016426104345535,0.2610130183803714,0.1900585607653457,0.1463103170157183,0.1731299081097006,0.3855390565509566,Tue Mar 22 02:08:06 2022,9223.0,val
0.122207538537131,1.0,3.788810768494239,0.3520457630598576,0.2279206712365908,0.1628455634858382,0.1558500300576093,0.3694414720504239,2.736063129023502,0.4016426104345535,0.2610130183803714,0.1900585607653457,0.1463103170157183,0.1731299081097006,0.3855390565509566,Tue Mar 22 02:08:06 2022,9223.0,test
0.1357980946819003,15.0,0.5291188485347308,0.4224935081169225,0.267852042041197,0.1867477587804958,0.1714170321281467,0.3515375421587488,1.6289139233137433,0.4735748198146132,0.3136044686529589,0.2307502495142838,0.1765885308765121,0.19498018092193,0.3804045587301532,Tue Mar 22 02:18:41 2022,9223.0,val
0.1357980946819003,15.0,0.5291188485347308,0.4224935081169225,0.267852042041197,0.1867477587804958,0.1714170321281467,0.3515375421587488,1.6289139233137433,0.4735748198146132,0.3136044686529589,0.2307502495142838,0.1765885308765121,0.19498018092193,0.3804045587301532,Tue Mar 22 02:18:41 2022,9223.0,test
0.1379936622947844,9.0,1.3169219768964326,0.4583252404721265,0.2829535946319286,0.19421890492396,0.1871870071725055,0.3491993504298059,1.55414060542458,0.4916657985206536,0.311272393861215,0.2196985445245507,0.1584522592607055,0.208174796222079,0.3739035330386026,Tue Mar 22 02:39:43 2022,9223.0,val
0.1379936622947844,9.0,1.3169219768964326,0.4583252404721265,0.2829535946319286,0.19421890492396,0.1871870071725055,0.3491993504298059,1.55414060542458,0.4916657985206536,0.311272393861215,0.2196985445245507,0.1584522592607055,0.208174796222079,0.3739035330386026,Tue Mar 22 02:39:43 2022,9223.0,test
0.1170346835591246,1.0,3.7554084667792687,0.3594028181492197,0.2255936234427262,0.1567411509806179,0.1517009688759739,0.3606981689933113,2.7224939622377096,0.4080085296471042,0.2543890809634377,0.1772356811147044,0.1325668867164427,0.1674536839602763,0.3720471803426119,Tue Mar 22 03:14:18 2022,9223.0,val
0.1170346835591246,1.0,3.7554084667792687,0.3594028181492197,0.2255936234427262,0.1567411509806179,0.1517009688759739,0.3606981689933113,2.7224939622377096,0.4080085296471042,0.2543890809634377,0.1772356811147044,0.1325668867164427,0.1674536839602763,0.3720471803426119,Tue Mar 22 03:14:18 2022,9223.0,test
0.122207538537131,1.0,3.788810768494239,0.3520457630598576,0.2279206712365908,0.1628455634858382,0.1558500300576093,0.3694414720504239,2.736063129023502,0.4016426104345535,0.2610130183803714,0.1900585607653457,0.1463103170157183,0.1731299081097006,0.3855390565509566,Tue Mar 22 04:15:27 2022,9223.0,val
0.122207538537131,1.0,3.788810768494239,0.3520457630598576,0.2279206712365908,0.1628455634858382,0.1558500300576093,0.3694414720504239,2.736063129023502,0.4016426104345535,0.2610130183803714,0.1900585607653457,0.1463103170157183,0.1731299081097006,0.3855390565509566,Tue Mar 22 04:15:27 2022,9223.0,test
0.1481824692459343,18.0,2.275480187856234,0.3898151223837515,0.2683978728895067,0.1967948665038106,0.1751741416724554,0.3845960476597007,2.2686935161289417,0.4430942714859069,0.3102871918782132,0.2330900727397329,0.1799347585494178,0.195062033407139,0.4063975212681919,Tue Mar 22 04:33:38 2022,9223.0,val
0.1481824692459343,18.0,2.275480187856234,0.3898151223837515,0.2683978728895067,0.1967948665038106,0.1751741416724554,0.3845960476597007,2.2686935161289417,0.4430942714859069,0.3102871918782132,0.2330900727397329,0.1799347585494178,0.195062033407139,0.4063975212681919,Tue Mar 22 04:33:38 2022,9223.0,test
0.1425532132129846,3.0,3.2056115370530347,0.353250165356252,0.2528768432386998,0.1872773047079166,0.1568906729207076,0.3673353141716249,2.7516189123454846,0.4032753688687718,0.2949878217906618,0.2244742695960697,0.1747255681386462,0.1785686292056206,0.3909964866366465,Tue Mar 22 21:17:09 2022,9223.0,val
0.1425532132129846,3.0,3.2056115370530347,0.353250165356252,0.2528768432386998,0.1872773047079166,0.1568906729207076,0.3673353141716249,2.7516189123454846,0.4032753688687718,0.2949878217906618,0.2244742695960697,0.1747255681386462,0.1785686292056206,0.3909964866366465,Tue Mar 22 21:17:09 2022,9223.0,test
0.1226581023987587,5.0,1.2866250166526207,0.3970243645671268,0.2500910156711979,0.1721354840180341,0.1540512756179417,0.3356474778627673,1.5182166726965654,0.4462553542285866,0.2833182148579373,0.1964084009348754,0.1410222850564298,0.173907817403437,0.3604866630900339,Tue Mar 22 21:26:58 2022,9223.0,val
0.1226581023987587,5.0,1.2866250166526207,0.3970243645671268,0.2500910156711979,0.1721354840180341,0.1540512756179417,0.3356474778627673,1.5182166726965654,0.4462553542285866,0.2833182148579373,0.1964084009348754,0.1410222850564298,0.173907817403437,0.3604866630900339,Tue Mar 22 21:26:58 2022,9223.0,test
0.1361325114700987,16.0,1.952582323551178,0.4253411117202388,0.2749036899750525,0.1883615268544816,0.181904055227463,0.353153497529667,1.9737091942837364,0.4671905552749254,0.303115419053009,0.2101826200852377,0.155159878768243,0.1973605004727648,0.371328720645143,Tue Mar 22 21:39:51 2022,9223.0,val
0.1361325114700987,16.0,1.952582323551178,0.4253411117202388,0.2749036899750525,0.1883615268544816,0.181904055227463,0.353153497529667,1.9737091942837364,0.4671905552749254,0.303115419053009,0.2101826200852377,0.155159878768243,0.1973605004727648,0.371328720645143,Tue Mar 22 21:39:51 2022,9223.0,test
0.1555787387460469,14.0,2.2537855652662424,0.4699699699699258,0.3052498056561245,0.2136270180898303,0.1883547891213166,0.3660891564118385,2.490882246117843,0.4585216572504492,0.3005455976327115,0.2131951693138052,0.15815224148754,0.2042494635064702,0.3794528566875195,Tue Mar 22 23:13:47 2022,9223.0,val
0.14498458423369,3.0,3.1661585019184995,0.380113059158662,0.2645944934356506,0.1984970568016225,0.1513647269521391,0.3625160038376263,2.8733876880846525,0.4209320751773826,0.2980730169535867,0.2275471919789804,0.1699187765758279,0.1703131590106555,0.3787890771739745,Tue Mar 22 23:13:47 2022,9223.0,test
0.1478790289835025,16.0,1.973784387111664,0.3899048381771656,0.2679523967512972,0.1961518215419745,0.1742651414719778,0.3825506003263541,2.127505998862417,0.4439120715024918,0.3070081010535669,0.2285975649520469,0.1761264316569471,0.1946730879715021,0.4015035473917475,Tue Mar 22 23:15:40 2022,9223.0,val
0.1478790289835025,16.0,1.973784387111664,0.3899048381771656,0.2679523967512972,0.1961518215419745,0.1742651414719778,0.3825506003263541,2.127505998862417,0.4439120715024918,0.3070081010535669,0.2285975649520469,0.1761264316569471,0.1946730879715021,0.4015035473917475,Tue Mar 22 23:15:40 2022,9223.0,test
0.1657033221842634,1.0,3.7837986414249127,0.4785720009557249,0.3136226507419739,0.2226209598900773,0.1776231085528278,0.3610764294974959,2.738194101735165,0.4783363077532977,0.3108610372649272,0.2209179203365471,0.1656788972419592,0.1941983886904894,0.3658055753130885,Wed Mar 23 05:25:31 2022,9223.0,val
0.1657033221842634,1.0,3.7837986414249127,0.4785720009557249,0.3136226507419739,0.2226209598900773,0.1776231085528278,0.3610764294974959,2.738194101735165,0.4783363077532977,0.3108610372649272,0.2209179203365471,0.1656788972419592,0.1941983886904894,0.3658055753130885,Wed Mar 23 05:25:31 2022,9223.0,test
0.1435387393463094,13.0,2.483526608577141,0.36889548245837,0.2549827092225455,0.1893104340336174,0.17185187902225,0.3767573160967997,2.3335662139089486,0.4222583647563392,0.293752232296862,0.2219956284597935,0.1728181260075592,0.1912270335441218,0.3936717262541073,Wed Mar 23 05:57:52 2022,9223.0,val
0.1435387393463094,13.0,2.483526608577141,0.36889548245837,0.2549827092225455,0.1893104340336174,0.17185187902225,0.3767573160967997,2.3335662139089486,0.4222583647563392,0.293752232296862,0.2219956284597935,0.1728181260075592,0.1912270335441218,0.3936717262541073,Wed Mar 23 05:57:52 2022,9223.0,test
0.1361325114700987,18.0,0.6673648584347505,0.4253411117202388,0.2749036899750525,0.1883615268544816,0.181904055227463,0.353153497529667,1.711893828291642,0.4671905552749254,0.303115419053009,0.2101826200852377,0.155159878768243,0.1973605004727648,0.371328720645143,Wed Mar 23 05:58:32 2022,9223.0,val
0.1361325114700987,18.0,0.6673648584347505,0.4253411117202388,0.2749036899750525,0.1883615268544816,0.181904055227463,0.353153497529667,1.711893828291642,0.4671905552749254,0.303115419053009,0.2101826200852377,0.155159878768243,0.1973605004727648,0.371328720645143,Wed Mar 23 05:58:32 2022,9223.0,test
0.1470694045408346,7.0,2.5046120753655066,0.4435690544394612,0.2938755515603114,0.2061501088143068,0.1670859289855073,0.36733003277068,2.381754059540598,0.4810581664336223,0.3218144294413246,0.2305934568994471,0.168440677215369,0.1850381758399671,0.3793397539319402,Wed Mar 23 23:22:48 2022,9223.0,val
0.1470694045408346,7.0,2.5046120753655066,0.4435690544394612,0.2938755515603114,0.2061501088143068,0.1670859289855073,0.36733003277068,2.381754059540598,0.4810581664336223,0.3218144294413246,0.2305934568994471,0.168440677215369,0.1850381758399671,0.3793397539319402,Wed Mar 23 23:22:48 2022,9223.0,test
0.1189397261872758,15.0,2.320608766262348,0.3300458748227733,0.2227478729325557,0.1601521710542857,0.171902380379582,0.3459205205898365,2.2290985082325183,0.3788542733635459,0.258708888779477,0.1897181108406921,0.1437533067024402,0.1906829903681301,0.3667690017849256,Wed Mar 23 23:32:55 2022,9223.0,val
0.1189397261872758,15.0,2.320608766262348,0.3300458748227733,0.2227478729325557,0.1601521710542857,0.171902380379582,0.3459205205898365,2.2290985082325183,0.3788542733635459,0.258708888779477,0.1897181108406921,0.1437533067024402,0.1906829903681301,0.3667690017849256,Wed Mar 23 23:32:55 2022,9223.0,test
0.1485474557677664,1.0,3.822955225064205,0.3853470908563353,0.2670304196475817,0.1965719098771468,0.1749981490639504,0.3848412419114083,2.744955564800062,0.4394231221256862,0.3082961344475423,0.2314641066291295,0.178805220407893,0.1946052921628485,0.4058193854051636,Thu Mar 24 00:59:02 2022,9223.0,val
0.1485474557677664,1.0,3.822955225064205,0.3853470908563353,0.2670304196475817,0.1965719098771468,0.1749981490639504,0.3848412419114083,2.744955564800062,0.4394231221256862,0.3082961344475423,0.2314641066291295,0.178805220407893,0.1946052921628485,0.4058193854051636,Thu Mar 24 00:59:02 2022,9223.0,test
0.1715831748914734,3.0,3.092242726912865,0.469822339702446,0.3246737436810411,0.2338769683900181,0.1955672912069579,0.3954767001057264,3.050531299490677,0.5129769623496937,0.3582018515647322,0.2613681011298694,0.1943218644699633,0.2156920798965109,0.413673174979761,Thu Mar 24 01:08:24 2022,9223.0,val
0.1715831748914734,3.0,3.092242726912865,0.469822339702446,0.3246737436810411,0.2338769683900181,0.1955672912069579,0.3954767001057264,3.050531299490677,0.5129769623496937,0.3582018515647322,0.2613681011298694,0.1943218644699633,0.2156920798965109,0.413673174979761,Thu Mar 24 01:08:24 2022,9223.0,test
0.1537125611937476,7.0,2.4770909905433656,0.4350106685632614,0.2933137771860338,0.2100571814543397,0.1827676820782297,0.3543689395351995,2.365115209629661,0.4250223015164842,0.2876898527677801,0.210656537321684,0.1589765050949395,0.1984449306227537,0.3646748118396011,Thu Mar 24 01:21:53 2022,9223.0,val
0.1537125611937476,7.0,2.4770909905433656,0.4350106685632614,0.2933137771860338,0.2100571814543397,0.1827676820782297,0.3543689395351995,2.365115209629661,0.4250223015164842,0.2876898527677801,0.210656537321684,0.1589765050949395,0.1984449306227537,0.3646748118396011,Thu Mar 24 01:21:53 2022,9223.0,test
0.1273035913006634,1.0,3.840283861527076,0.3344606311331347,0.2276348288008096,0.167666501958319,0.1509699408678153,0.3769056077043292,2.789002544001529,0.3812242945668195,0.2596322693274376,0.1939445836904025,0.1495571507480195,0.1677383094007381,0.3951749567615046,Thu Mar 24 04:38:29 2022,9223.0,val
0.1271199040713148,15.0,0.9581536595637982,0.419651422073783,0.2545825515719928,0.174071267463875,0.1618702932938387,0.3311571905842676,1.5231883933669643,0.4648014165822282,0.2969454981075008,0.2170146677322768,0.1690386552059112,0.1871859446201743,0.3679060690038316,Thu Mar 24 04:38:29 2022,9223.0,test
0.1386023934402961,5.0,2.3586545421526983,0.3797669535213856,0.2626247211430264,0.1872753010915649,0.181718176013119,0.3772337478750753,2.2571954287980733,0.4299072462184754,0.3004140198074644,0.2171568333433803,0.1628589855604716,0.2015093600341584,0.3978382630681712,Thu Mar 24 04:59:02 2022,9223.0,val
0.1386023934402961,5.0,2.3586545421526983,0.3797669535213856,0.2626247211430264,0.1872753010915649,0.181718176013119,0.3772337478750753,2.2571954287980733,0.4299072462184754,0.3004140198074644,0.2171568333433803,0.1628589855604716,0.2015093600341584,0.3978382630681712,Thu Mar 24 04:59:02 2022,9223.0,test
0.1485474557677664,1.0,3.822955225064205,0.3853470908563353,0.2670304196475817,0.1965719098771468,0.1749981490639504,0.3848412419114083,2.744955564800062,0.4394231221256862,0.3082961344475423,0.2314641066291295,0.178805220407893,0.1946052921628485,0.4058193854051636,Thu Mar 24 08:56:49 2022,9223.0,val
0.1485474557677664,1.0,3.822955225064205,0.3853470908563353,0.2670304196475817,0.1965719098771468,0.1749981490639504,0.3848412419114083,2.744955564800062,0.4394231221256862,0.3082961344475423,0.2314641066291295,0.178805220407893,0.1946052921628485,0.4058193854051636,Thu Mar 24 08:56:49 2022,9223.0,test
0.1470694045408346,7.0,2.5046120753655066,0.4435690544394612,0.2938755515603114,0.2061501088143068,0.1670859289855073,0.36733003277068,2.381754059540598,0.4810581664336223,0.3218144294413246,0.2305934568994471,0.168440677215369,0.1850381758399671,0.3793397539319402,Thu Mar 24 09:22:56 2022,9223.0,val
0.1470694045408346,7.0,2.5046120753655066,0.4435690544394612,0.2938755515603114,0.2061501088143068,0.1670859289855073,0.36733003277068,2.381754059540598,0.4810581664336223,0.3218144294413246,0.2305934568994471,0.168440677215369,0.1850381758399671,0.3793397539319402,Thu Mar 24 09:22:56 2022,9223.0,test
0.1485474557677664,1.0,3.822955225064205,0.3853470908563353,0.2670304196475817,0.1965719098771468,0.1749981490639504,0.3848412419114083,2.744955564800062,0.4394231221256862,0.3082961344475423,0.2314641066291295,0.178805220407893,0.1946052921628485,0.4058193854051636,Thu Mar 24 14:11:12 2022,9223.0,val
0.1485474557677664,1.0,3.822955225064205,0.3853470908563353,0.2670304196475817,0.1965719098771468,0.1749981490639504,0.3848412419114083,2.744955564800062,0.4394231221256862,0.3082961344475423,0.2314641066291295,0.178805220407893,0.1946052921628485,0.4058193854051636,Thu Mar 24 14:11:12 2022,9223.0,test
0.1470694045408346,7.0,2.5046120753655066,0.4435690544394612,0.2938755515603114,0.2061501088143068,0.1670859289855073,0.36733003277068,2.381754059540598,0.4810581664336223,0.3218144294413246,0.2305934568994471,0.168440677215369,0.1850381758399671,0.3793397539319402,Thu Mar 24 14:35:06 2022,9223.0,val
0.1470694045408346,7.0,2.5046120753655066,0.4435690544394612,0.2938755515603114,0.2061501088143068,0.1670859289855073,0.36733003277068,2.381754059540598,0.4810581664336223,0.3218144294413246,0.2305934568994471,0.168440677215369,0.1850381758399671,0.3793397539319402,Thu Mar 24 14:35:06 2022,9223.0,test
0.1374020073643947,15.0,0.5355807004066614,0.4338220554300977,0.2734565002239442,0.1906236808911025,0.1775253959448268,0.3483752577780586,1.6700373825274015,0.4749740512229785,0.3036770474665232,0.2159371557000268,0.1578820104569571,0.1961415266568988,0.3631599440431847,Thu Mar 24 20:56:43 2022,9223.0,val
0.1274504531240782,18.0,0.4034060730383946,0.4259937920459329,0.2549225066947701,0.1743031212914104,0.1638048831613365,0.3200116263304512,1.7533365174343711,0.471723044397438,0.3036586926811144,0.2240569186114287,0.1755778935916064,0.1900366950783631,0.3568092623308428,Thu Mar 24 20:56:43 2022,9223.0,test
0.15371256119374768,7.0,2.4770909905433656,0.4350106685632614,0.2933137771860338,0.2100571814543397,0.1827676820782297,0.3543689395351995,2.365115209629661,0.4250223015164842,0.2876898527677801,0.210656537321684,0.1589765050949395,0.1984449306227537,0.3646748118396011,Thu Mar 24 21:10:42 2022,9223.0,val
0.15371256119374768,7.0,2.4770909905433656,0.4350106685632614,0.2933137771860338,0.2100571814543397,0.1827676820782297,0.3543689395351995,2.365115209629661,0.4250223015164842,0.2876898527677801,0.210656537321684,0.1589765050949395,0.1984449306227537,0.3646748118396011,Thu Mar 24 21:10:42 2022,9223.0,test
>>>>>>> 9fd5548ebde1c0a093e0e28b3f7656a52ccd8f20,,,,,,,,,,,,,,,,,
0.13273130195683608,7.0,2.4975282155550445,0.3623033544659046,0.243980263589272,0.1770796654315446,0.1654028031111247,0.3704565017259575,2.364983640219036,0.4146047430722271,0.2829796911509543,0.2094953569531031,0.1598719430200817,0.1851770543279455,0.3886101249835667,Thu Mar 24 23:06:50 2022,9223.0,val
0.13273130195683608,7.0,2.4975282155550445,0.3623033544659046,0.243980263589272,0.1770796654315446,0.1654028031111247,0.3704565017259575,2.364983640219036,0.4146047430722271,0.2829796911509543,0.2094953569531031,0.1598719430200817,0.1851770543279455,0.3886101249835667,Thu Mar 24 23:06:50 2022,9223.0,test
0.1365440427897788,4.0,2.7637077634151166,0.3754925525442455,0.2535656521425247,0.1837726877161608,0.1674458342119792,0.3520372085949678,2.546060587230482,0.4238668809870085,0.2936116868082556,0.2191804089940611,0.1669839283964181,0.1871267827189931,0.3775071813679523,Thu Mar 24 23:10:28 2022,9223.0,val
0.1365440427897788,4.0,2.7637077634151166,0.3754925525442455,0.2535656521425247,0.1837726877161608,0.1674458342119792,0.3520372085949678,2.546060587230482,0.4238668809870085,0.2936116868082556,0.2191804089940611,0.1669839283964181,0.1871267827189931,0.3775071813679523,Thu Mar 24 23:10:28 2022,9223.0,test
0.15159941014483053,4.0,2.62957880955476,0.3758194586111704,0.2673792107853837,0.2000964611861736,0.1578560665082867,0.3828537083824551,2.4425045753780164,0.4222403710629919,0.3070694610506311,0.2344147905898349,0.1815873076016977,0.1779620420448057,0.4035505138056234,Fri Mar 25 00:57:25 2022,9223.0,val
0.15159941014483053,4.0,2.62957880955476,0.3758194586111704,0.2673792107853837,0.2000964611861736,0.1578560665082867,0.3828537083824551,2.4425045753780164,0.4222403710629919,0.3070694610506311,0.2344147905898349,0.1815873076016977,0.1779620420448057,0.4035505138056234,Fri Mar 25 00:57:25 2022,9223.0,test
0.13762421343783401,1.0,3.5783700942993164,0.3688440436181589,0.2506318468968687,0.1831337968564439,0.1719212027970058,0.3755146355872023,2.760698243191368,0.4222583647563392,0.2917781706376522,0.2178799893315796,0.1668502604956672,0.1924006948126642,0.395939311660094,Fri Mar 25 04:39:29 2022,9223.0,val
0.13762421343783401,1.0,3.5783700942993164,0.3688440436181589,0.2506318468968687,0.1831337968564439,0.1719212027970058,0.3755146355872023,2.760698243191368,0.4222583647563392,0.2917781706376522,0.2178799893315796,0.1668502604956672,0.1924006948126642,0.395939311660094,Fri Mar 25 04:39:29 2022,9223.0,test
0.1386467010045774,11.0,2.418768872664525,0.410358414253507,0.2685131494532529,0.1881380638581881,0.1735999425312422,0.3726261517941748,2.2671346287978325,0.4552184408403134,0.2965597122228807,0.2102778936836729,0.1570525415702082,0.1879351914502257,0.3857488578678758,Fri Mar 25 05:08:08 2022,9223.0,val
0.13033380693064572,9.0,2.4046942930955155,0.3217060343413108,0.2239824827092412,0.1693516660809272,0.1518928220143699,0.3666461076613805,2.5195514151924536,0.3720237585821918,0.2626362199764957,0.2024524206051608,0.1596544094830452,0.1725275607518982,0.3860875807999915,Fri Mar 25 05:08:08 2022,9223.0,test
0.13762421343783401,1.0,3.5783700942993164,0.3688440436181589,0.2506318468968687,0.1831337968564439,0.1719212027970058,0.3755146355872023,2.760698243191368,0.4222583647563392,0.2917781706376522,0.2178799893315796,0.1668502604956672,0.1924006948126642,0.395939311660094,Fri Mar 25 06:48:04 2022,9223.0,val
0.13762421343783401,1.0,3.5783700942993164,0.3688440436181589,0.2506318468968687,0.1831337968564439,0.1719212027970058,0.3755146355872023,2.760698243191368,0.4222583647563392,0.2917781706376522,0.2178799893315796,0.1668502604956672,0.1924006948126642,0.395939311660094,Fri Mar 25 06:48:04 2022,9223.0,test
0.15371256119374768,7.0,2.4770909905433656,0.4350106685632614,0.2933137771860338,0.2100571814543397,0.1827676820782297,0.3543689395351995,2.365115209629661,0.4250223015164842,0.2876898527677801,0.210656537321684,0.1589765050949395,0.1984449306227537,0.3646748118396011,Fri Mar 25 07:13:32 2022,9223.0,val
0.15371256119374768,7.0,2.4770909905433656,0.4350106685632614,0.2933137771860338,0.2100571814543397,0.1827676820782297,0.3543689395351995,2.365115209629661,0.4250223015164842,0.2876898527677801,0.210656537321684,0.1589765050949395,0.1984449306227537,0.3646748118396011,Fri Mar 25 07:13:32 2022,9223.0,test
0.14854745576776646,1.0,3.822955225064205,0.3853470908563353,0.2670304196475817,0.1965719098771468,0.1749981490639504,0.3848412419114083,2.744955564800062,0.4394231221256862,0.3082961344475423,0.2314641066291295,0.178805220407893,0.1946052921628485,0.4058193854051636,Fri Mar 25 09:43:08 2022,9223.0,val
0.14854745576776646,1.0,3.822955225064205,0.3853470908563353,0.2670304196475817,0.1965719098771468,0.1749981490639504,0.3848412419114083,2.744955564800062,0.4394231221256862,0.3082961344475423,0.2314641066291295,0.178805220407893,0.1946052921628485,0.4058193854051636,Fri Mar 25 09:43:08 2022,9223.0,test
0.14115564315565163,16.0,2.394054830991305,0.3820248433311486,0.264583683446243,0.1930744576683822,0.1623990868300543,0.376410529549493,2.4066535861868608,0.4247339676030243,0.2992495493503447,0.2218964233737334,0.1637706526713536,0.1812011783304884,0.3945918355354502,Fri Mar 25 10:16:07 2022,9223.0,val
0.14115564315565163,16.0,2.394054830991305,0.3820248433311486,0.264583683446243,0.1930744576683822,0.1623990868300543,0.376410529549493,2.4066535861868608,0.4247339676030243,0.2992495493503447,0.2218964233737334,0.1637706526713536,0.1812011783304884,0.3945918355354502,Fri Mar 25 10:16:07 2022,9223.0,test
0.13527680753617674,15.0,0.930236793939884,0.4337112572512802,0.2671324353064233,0.1849545229650741,0.170427289042326,0.3347128228670943,1.5098420475658618,0.4789482004531549,0.3072860468057667,0.2239863805788063,0.1718666191367386,0.1951386579079238,0.3688367719541984,Fri Mar 25 12:32:11 2022,9223.0,val
0.13527680753617674,15.0,0.930236793939884,0.4337112572512802,0.2671324353064233,0.1849545229650741,0.170427289042326,0.3347128228670943,1.5098420475658618,0.4789482004531549,0.3072860468057667,0.2239863805788063,0.1718666191367386,0.1951386579079238,0.3688367719541984,Fri Mar 25 12:32:11 2022,9223.0,test
0.14147871947895035,16.0,2.3998984089264503,0.3729485532219229,0.251107387852362,0.1857196824492102,0.159366922711683,0.3655002486898056,2.34294909552524,0.425460458628295,0.2927577248473018,0.2220831852777355,0.1727843116968211,0.1797571548541048,0.3874407783436797,Fri Mar 25 12:34:00 2022,9223.0,val
0.14147871947895035,16.0,2.3998984089264503,0.3729485532219229,0.251107387852362,0.1857196824492102,0.159366922711683,0.3655002486898056,2.34294909552524,0.425460458628295,0.2927577248473018,0.2220831852777355,0.1727843116968211,0.1797571548541048,0.3874407783436797,Fri Mar 25 12:34:00 2022,9223.0,test
0.14229978121032286,1.0,3.807873878112206,0.3544404593706352,0.252487042908169,0.187762782756117,0.1676871858655035,0.3797386663570319,2.75908142641971,0.4039593369218166,0.2896351893967445,0.2182234849203873,0.1681358928688521,0.1854136767190078,0.3966975231475323,Fri Mar 25 19:01:07 2022,9223.0,val
0.14229978121032286,1.0,3.807873878112206,0.3544404593706352,0.252487042908169,0.187762782756117,0.1676871858655035,0.3797386663570319,2.75908142641971,0.4039593369218166,0.2896351893967445,0.2182234849203873,0.1681358928688521,0.1854136767190078,0.3966975231475323,Fri Mar 25 19:01:07 2022,9223.0,test
0.14115564315565163,16.0,2.394054830991305,0.3820248433311486,0.264583683446243,0.1930744576683822,0.1623990868300543,0.376410529549493,2.4066535861868608,0.4247339676030243,0.2992495493503447,0.2218964233737334,0.1637706526713536,0.1812011783304884,0.3945918355354502,Fri Mar 25 19:33:23 2022,9223.0,val
0.14115564315565163,16.0,2.394054830991305,0.3820248433311486,0.264583683446243,0.1930744576683822,0.1623990868300543,0.376410529549493,2.4066535861868608,0.4247339676030243,0.2992495493503447,0.2218964233737334,0.1637706526713536,0.1812011783304884,0.3945918355354502,Fri Mar 25 19:33:23 2022,9223.0,test
0.12405190089570292,1.0,3.812205534714919,0.3212491987261906,0.2225853534535431,0.1641766595384324,0.1522296252173304,0.3505447273991163,2.767975694254825,0.3625786807789365,0.2558589790258714,0.1936966292941769,0.1507383726952843,0.1678479625533102,0.3737670841862445,Fri Mar 25 20:29:16 2022,9223.0,val
0.12405190089570292,1.0,3.812205534714919,0.3212491987261906,0.2225853534535431,0.1641766595384324,0.1522296252173304,0.3505447273991163,2.767975694254825,0.3625786807789365,0.2558589790258714,0.1936966292941769,0.1507383726952843,0.1678479625533102,0.3737670841862445,Fri Mar 25 20:29:16 2022,9223.0,test
0.14031559518941478,8.0,0.8889804390760568,0.4663252189313755,0.2883404017689732,0.1979239363576881,0.1905776335914174,0.3518096414263991,1.5352424916468168,0.4896250642013102,0.3106006038427106,0.2190615022297193,0.1576104889951912,0.2103049014747218,0.3757545538518748,Fri Mar 25 21:06:37 2022,9223.0,val
0.14031559518941478,8.0,0.8889804390760568,0.4663252189313755,0.2883404017689732,0.1979239363576881,0.1905776335914174,0.3518096414263991,1.5352424916468168,0.4896250642013102,0.3106006038427106,0.2190615022297193,0.1576104889951912,0.2103049014747218,0.3757545538518748,Fri Mar 25 21:06:37 2022,9223.0,test
0.15138425282016918,8.0,2.3564633030157824,0.4422752885436202,0.2888608218967186,0.20375050924999,0.1778673018369095,0.3685398036907464,2.2738114909121863,0.482327804488546,0.3133553856253211,0.2224580363021095,0.165908587940556,0.1936196989763686,0.3784542230565854,Sat Mar 26 01:42:06 2022,9223.0,val
0.13943590673266948,1.0,3.593004762209379,0.3813953643552618,0.2586365738086101,0.1871052430715384,0.1763283956127981,0.372777921823376,2.914733209108052,0.4347010343267181,0.2975932803269482,0.2191826973913024,0.1662654498124637,0.1963233305322963,0.3932730960313922,Sat Mar 26 01:42:06 2022,9223.0,test
0.14031559518941478,9.0,0.8202368786701789,0.4663252189313755,0.2883404017689732,0.1979239363576881,0.1905776335914174,0.3518096414263991,1.5791476337533248,0.4896250642013102,0.3106006038427106,0.2190615022297193,0.1576104889951912,0.2103049014747218,0.3757545538518748,Sat Mar 26 01:48:38 2022,9223.0,val
0.14031559518941478,9.0,0.8202368786701789,0.4663252189313755,0.2883404017689732,0.1979239363576881,0.1905776335914174,0.3518096414263991,1.5791476337533248,0.4896250642013102,0.3106006038427106,0.2190615022297193,0.1576104889951912,0.2103049014747218,0.3757545538518748,Sat Mar 26 01:48:38 2022,9223.0,test
0.15076245197759672,7.0,2.4335933364354645,0.443473126875785,0.2988924938769288,0.209121489988762,0.182355806910928,0.3665787544128547,2.289118453076011,0.4780745295612906,0.3238395869716696,0.2297973034520556,0.1692404141371945,0.1963426981597894,0.38087433903462,Sat Mar 26 05:00:01 2022,1234.0,val
0.15076245197759672,7.0,2.4335933364354645,0.443473126875785,0.2988924938769288,0.209121489988762,0.182355806910928,0.3665787544128547,2.289118453076011,0.4780745295612906,0.3238395869716696,0.2297973034520556,0.1692404141371945,0.1963426981597894,0.38087433903462,Sat Mar 26 05:00:01 2022,1234.0,test
0.15497553432836175,14.0,2.280517192987295,0.397116954204386,0.2777906707244175,0.2051829795427834,0.1644696068105694,0.375776207033145,2.239435961371974,0.4444270810929199,0.3156990594979684,0.2387186445146076,0.1850895694575761,0.186950889255422,0.3954057950013508,Sat Mar 26 05:05:20 2022,2345.0,val
0.15497553432836175,14.0,2.280517192987295,0.397116954204386,0.2777906707244175,0.2051829795427834,0.1644696068105694,0.375776207033145,2.239435961371974,0.4444270810929199,0.3156990594979684,0.2387186445146076,0.1850895694575761,0.186950889255422,0.3954057950013508,Sat Mar 26 05:05:20 2022,2345.0,test
0.15076245197759672,7.0,2.4335933364354645,0.443473126875785,0.2988924938769288,0.209121489988762,0.182355806910928,0.3665787544128547,2.289118453076011,0.4780745295612906,0.3238395869716696,0.2297973034520556,0.1692404141371945,0.1963426981597894,0.38087433903462,Sat Mar 26 07:23:23 2022,1234.0,val
0.15076245197759672,7.0,2.4335933364354645,0.443473126875785,0.2988924938769288,0.209121489988762,0.182355806910928,0.3665787544128547,2.289118453076011,0.4780745295612906,0.3238395869716696,0.2297973034520556,0.1692404141371945,0.1963426981597894,0.38087433903462,Sat Mar 26 07:23:23 2022,1234.0,test
0.15533096854365241,9.0,2.3930752002275906,0.458921660414603,0.2940829366566197,0.2084927554205697,0.1737922393462929,0.3740684670424323,2.3302249971189,0.4943326271186178,0.3189112900582009,0.2296929685965124,0.1743950152819555,0.1942015952125133,0.3894342122347458,Sat Mar 26 07:25:57 2022,2345.0,val
0.15533096854365241,9.0,2.3930752002275906,0.458921660414603,0.2940829366566197,0.2084927554205697,0.1737922393462929,0.3740684670424323,2.3302249971189,0.4943326271186178,0.3189112900582009,0.2296929685965124,0.1743950152819555,0.1942015952125133,0.3894342122347458,Sat Mar 26 07:25:57 2022,2345.0,test
0.15477937564310268,4.0,3.097461361151475,0.4341393153212136,0.2977882683583314,0.2125599268510149,0.187770925140345,0.3736521888556355,2.7429631258312024,0.4757648013329902,0.3262502396642951,0.2354340282831145,0.1731150070170818,0.2043174801156353,0.3924077930235203,Sat Mar 26 20:35:37 2022,1234.0,val
0.15477937564310268,4.0,3.097461361151475,0.4341393153212136,0.2977882683583314,0.2125599268510149,0.187770925140345,0.3736521888556355,2.7429631258312024,0.4757648013329902,0.3262502396642951,0.2354340282831145,0.1731150070170818,0.2043174801156353,0.3924077930235203,Sat Mar 26 20:35:37 2022,1234.0,test
0.137501433787024,9.0,2.522918825883132,0.3943858336275364,0.2537340225445704,0.1820732496329515,0.1606643543144498,0.3661267344204392,2.397812379033942,0.440991247837576,0.2842157988080594,0.2065533712317727,0.1583634125380436,0.1793505903431952,0.377926090666096,Sat Mar 26 20:50:26 2022,2345.0,val
0.13694226810062365,20.0,2.246629195029919,0.3942032898489539,0.2603828098606366,0.1847159824444329,0.1631821232632954,0.3767132735707681,2.3430342486030176,0.4402669543756184,0.291363979992247,0.2101465323670453,0.1589513060745718,0.1821574543271718,0.3949830938904816,Sat Mar 26 20:50:26 2022,2345.0,test
0.1611071427199959,1.0,4.026305328882658,0.4357181947136872,0.3052084330212332,0.2246179241996766,0.1769106242467896,0.3814437950250693,3.134217011301141,0.4789040087199548,0.3402815996620895,0.2544944415195777,0.187088070013196,0.1952545310161947,0.3978877656746417,Sat Mar 26 21:41:10 2022,1234.0,val
0.1611071427199959,1.0,4.026305328882658,0.4357181947136872,0.3052084330212332,0.2246179241996766,0.1769106242467896,0.3814437950250693,3.134217011301141,0.4789040087199548,0.3402815996620895,0.2544944415195777,0.187088070013196,0.1952545310161947,0.3978877656746417,Sat Mar 26 21:41:10 2022,1234.0,test
0.15668020155614243,15.0,2.190222697991591,0.4261838797308931,0.3042808219664367,0.2193424474314428,0.1816178904758144,0.3699545664289427,2.251493334770202,0.4612081548691176,0.3304587987347656,0.2409743602735871,0.1747361206471801,0.1980041751710447,0.3850254307398484,Sat Mar 26 22:24:21 2022,2345.0,val
0.15668020155614243,15.0,2.190222697991591,0.4261838797308931,0.3042808219664367,0.2193424474314428,0.1816178904758144,0.3699545664289427,2.251493334770202,0.4612081548691176,0.3304587987347656,0.2409743602735871,0.1747361206471801,0.1980041751710447,0.3850254307398484,Sat Mar 26 22:24:21 2022,2345.0,test
0.14763644144890992,18.0,2.265099099966196,0.3997033356356782,0.2765278361133014,0.2006553466902938,0.1767118825891848,0.357995667346844,2.1879049727791235,0.439086082084602,0.3071696595618738,0.2260574583530641,0.1708073874507543,0.190896003594971,0.3752141824154233,Sat Mar 26 23:52:19 2022,1234.0,val
0.14763644144890992,18.0,2.265099099966196,0.3997033356356782,0.2765278361133014,0.2006553466902938,0.1767118825891848,0.357995667346844,2.1879049727791235,0.439086082084602,0.3071696595618738,0.2260574583530641,0.1708073874507543,0.190896003594971,0.3752141824154233,Sat Mar 26 23:52:19 2022,1234.0,test
0.16543145719520264,17.0,2.2441259099886968,0.4465558206225641,0.3070071266780123,0.2234216667571179,0.1743024656126354,0.3423784942603151,2.171435029883133,0.4600924499229347,0.3206843630969365,0.2384073469816865,0.1810665332422207,0.1909122711962426,0.3618253885820059,Sat Mar 26 23:54:34 2022,2345.0,val
0.16543145719520264,17.0,2.2441259099886968,0.4465558206225641,0.3070071266780123,0.2234216667571179,0.1743024656126354,0.3423784942603151,2.171435029883133,0.4600924499229347,0.3206843630969365,0.2384073469816865,0.1810665332422207,0.1909122711962426,0.3618253885820059,Sat Mar 26 23:54:34 2022,2345.0,test
0.15193596838578693,6.0,2.85236855837015,0.4571701534330012,0.3074206131532099,0.2137199541258217,0.1842503006582481,0.3546987418271369,2.616076293744539,0.4627118644067566,0.3133664504891575,0.2186222272844404,0.1593289097669218,0.1999356088778492,0.3728808753968712,Sun Mar 27 02:34:17 2022,2345.0,val
0.14917906278788864,18.0,2.0530827082120453,0.4794079089886772,0.3083096044024157,0.2088503067075819,0.1938069680248353,0.36463002297514,2.036878171720003,0.4980996404724962,0.3219571939169059,0.2215571885124516,0.1620388982894063,0.2112449299561004,0.3817816216676554,Sun Mar 27 02:34:17 2022,2345.0,test
0.16900625997997568,14.0,2.2745390818669247,0.4528709746007081,0.3162479027737997,0.2277254115593476,0.1942272027214991,0.3805758112494264,2.2178340209157845,0.4965652871405178,0.3469287634445724,0.2522273341816587,0.1898243899541392,0.2122605887115799,0.3948093324541386,Sun Mar 27 03:05:42 2022,1234.0,val
0.16900625997997568,14.0,2.2745390818669247,0.4528709746007081,0.3162479027737997,0.2277254115593476,0.1942272027214991,0.3805758112494264,2.2178340209157845,0.4965652871405178,0.3469287634445724,0.2522273341816587,0.1898243899541392,0.2122605887115799,0.3948093324541386,Sun Mar 27 03:05:42 2022,1234.0,test
0.16543145719520264,17.0,2.2441259099886968,0.4465558206225641,0.3070071266780123,0.2234216667571179,0.1743024656126354,0.3423784942603151,2.171435029883133,0.4600924499229347,0.3206843630969365,0.2384073469816865,0.1810665332422207,0.1909122711962426,0.3618253885820059,Sun Mar 27 05:50:53 2022,2345.0,val
0.16543145719520264,17.0,2.2441259099886968,0.4465558206225641,0.3070071266780123,0.2234216667571179,0.1743024656126354,0.3423784942603151,2.171435029883133,0.4600924499229347,0.3206843630969365,0.2384073469816865,0.1810665332422207,0.1909122711962426,0.3618253885820059,Sun Mar 27 05:50:53 2022,2345.0,test
0.14763644144890992,18.0,2.265099099966196,0.3997033356356782,0.2765278361133014,0.2006553466902938,0.1767118825891848,0.357995667346844,2.1879049727791235,0.439086082084602,0.3071696595618738,0.2260574583530641,0.1708073874507543,0.190896003594971,0.3752141824154233,Sun Mar 27 05:56:11 2022,1234.0,val
0.14763644144890992,18.0,2.265099099966196,0.3997033356356782,0.2765278361133014,0.2006553466902938,0.1767118825891848,0.357995667346844,2.1879049727791235,0.439086082084602,0.3071696595618738,0.2260574583530641,0.1708073874507543,0.190896003594971,0.3752141824154233,Sun Mar 27 05:56:11 2022,1234.0,test
0.15591461598010334,8.0,2.464660212626824,0.4231190650109182,0.3001590479468296,0.214572379885347,0.1808264999882151,0.3413344100928957,2.456889924250151,0.4072377462207784,0.2901209003381998,0.2098439724533151,0.1554909251854952,0.1925850682135122,0.348645577993227,Sun Mar 27 10:28:21 2022,2345.0,val
0.14698335014150046,4.0,2.813231972547678,0.3966540060180904,0.2776974826506679,0.2011382674031186,0.1722519488205476,0.3676459186331289,2.5639117893419767,0.4453673358484056,0.3149207858261198,0.2319659242897354,0.1741860576395144,0.1925588829112045,0.3875815264418522,Sun Mar 27 10:28:21 2022,2345.0,test
0.15968218187213395,21.0,2.285834761766287,0.4274280936361391,0.2863017110055124,0.2102160231876028,0.1755768906260396,0.3799518510853636,2.1142687672062923,0.4753511506629307,0.3241731612375312,0.2439001127378681,0.1892112663412433,0.1976051811362952,0.3979354411617307,Sun Mar 27 10:53:45 2022,1234.0,val
0.15968218187213395,21.0,2.285834761766287,0.4274280936361391,0.2863017110055124,0.2102160231876028,0.1755768906260396,0.3799518510853636,2.1142687672062923,0.4753511506629307,0.3241731612375312,0.2439001127378681,0.1892112663412433,0.1976051811362952,0.3979354411617307,Sun Mar 27 10:53:45 2022,1234.0,test
0.137501433787024,6.0,2.720485316790067,0.3943858336275364,0.2537340225445704,0.1820732496329515,0.1606643543144498,0.3661267344204392,2.496538676713642,0.440991247837576,0.2842157988080594,0.2065533712317727,0.1583634125380436,0.1793505903431952,0.377926090666096,Sun Mar 27 20:51:24 2022,9223.0,val
0.137501433787024,6.0,2.720485316790067,0.3943858336275364,0.2537340225445704,0.1820732496329515,0.1606643543144498,0.3661267344204392,2.496538676713642,0.440991247837576,0.2842157988080594,0.2065533712317727,0.1583634125380436,0.1793505903431952,0.377926090666096,Sun Mar 27 20:51:24 2022,9223.0,test
0.12454937311366204,1.0,4.642175993552574,0.3794080903477297,0.2461608376388736,0.170923781386208,0.1556703557322721,0.3675235506192925,3.522930195457057,0.4243359836054907,0.2744840400299618,0.1922344259651254,0.1421516543420095,0.1716741945012342,0.3768300018145958,Sun Mar 27 23:52:27 2022,9223.0,val
0.12454937311366204,1.0,4.642175993552574,0.3794080903477297,0.2461608376388736,0.170923781386208,0.1556703557322721,0.3675235506192925,3.522930195457057,0.4243359836054907,0.2744840400299618,0.1922344259651254,0.1421516543420095,0.1716741945012342,0.3768300018145958,Sun Mar 27 23:52:27 2022,9223.0,test
0.14302351264485796,23.0,0.561350995531449,0.4880327935449724,0.3035317351592686,0.2026020945019649,0.1790823166351647,0.368512067921899,1.8284210405851664,0.5053929121725472,0.3189373465928262,0.2192478891454161,0.1592075320420125,0.1953421427384602,0.3830172424689308,Mon Mar 28 00:55:11 2022,9223.0,val
0.14302351264485796,23.0,0.561350995531449,0.4880327935449724,0.3035317351592686,0.2026020945019649,0.1790823166351647,0.368512067921899,1.8284210405851664,0.5053929121725472,0.3189373465928262,0.2192478891454161,0.1592075320420125,0.1953421427384602,0.3830172424689308,Mon Mar 28 00:55:11 2022,9223.0,test
0.15533919778528035,4.0,2.2895753053518444,0.4595574850674875,0.2918154166239454,0.2073756364519086,0.1737001637029987,0.3809916611950997,2.1007542986618843,0.4964501000809377,0.316288986233263,0.2282253223040015,0.1739425361426144,0.1909140941987655,0.3928707971534947,Mon Mar 28 01:40:13 2022,9223.0,val
0.15533919778528035,4.0,2.2895753053518444,0.4595574850674875,0.2918154166239454,0.2073756364519086,0.1737001637029987,0.3809916611950997,2.1007542986618843,0.4964501000809377,0.316288986233263,0.2282253223040015,0.1739425361426144,0.1909140941987655,0.3928707971534947,Mon Mar 28 01:40:13 2022,9223.0,test
0.14031559518941478,24.0,0.2942099187236566,0.4663252189313755,0.2883404017689732,0.1979239363576881,0.1905776335914174,0.3518096414263991,1.9527598556719328,0.4896250642013102,0.3106006038427106,0.2190615022297193,0.1576104889951912,0.2103049014747218,0.3757545538518748,Mon Mar 28 08:10:22 2022,9223.0,val
0.14031559518941478,24.0,0.2942099187236566,0.4663252189313755,0.2883404017689732,0.1979239363576881,0.1905776335914174,0.3518096414263991,1.9527598556719328,0.4896250642013102,0.3106006038427106,0.2190615022297193,0.1576104889951912,0.2103049014747218,0.3757545538518748,Mon Mar 28 08:10:22 2022,9223.0,test
0.14031559518941478,24.0,0.5287222882876029,0.4663252189313755,0.2883404017689732,0.1979239363576881,0.1905776335914174,0.3518096414263991,1.7370439391387136,0.4896250642013102,0.3106006038427106,0.2190615022297193,0.1576104889951912,0.2103049014747218,0.3757545538518748,Mon Mar 28 08:51:48 2022,9223.0,val
0.14031559518941478,24.0,0.5287222882876029,0.4663252189313755,0.2883404017689732,0.1979239363576881,0.1905776335914174,0.3518096414263991,1.7370439391387136,0.4896250642013102,0.3106006038427106,0.2190615022297193,0.1576104889951912,0.2103049014747218,0.3757545538518748,Mon Mar 28 08:51:48 2022,9223.0,test
0.1458718026969712,1.0,4.3777478419817415,0.3763139995478669,0.2667629324110641,0.1954152212195349,0.1612582730135369,0.3785052719010894,3.132917604948345,0.4259362908783157,0.305276228229496,0.2271696035729873,0.1720044011916526,0.181682966296681,0.3941326645823211,Mon Mar 28 20:00:04 2022,9223.0,val
0.1458718026969712,1.0,4.3777478419817415,0.3763139995478669,0.2667629324110641,0.1954152212195349,0.1612582730135369,0.3785052719010894,3.132917604948345,0.4259362908783157,0.305276228229496,0.2271696035729873,0.1720044011916526,0.181682966296681,0.3941326645823211,Mon Mar 28 20:00:04 2022,9223.0,test
0.14031559518941478,16.0,0.5754712918630013,0.4663252189313755,0.2883404017689732,0.1979239363576881,0.1905776335914174,0.3518096414263991,1.8055934655038928,0.4896250642013102,0.3106006038427106,0.2190615022297193,0.1576104889951912,0.2103049014747218,0.3757545538518748,Mon Mar 28 20:42:27 2022,9223.0,val
0.14031559518941478,16.0,0.5754712918630013,0.4663252189313755,0.2883404017689732,0.1979239363576881,0.1905776335914174,0.3518096414263991,1.8055934655038928,0.4896250642013102,0.3106006038427106,0.2190615022297193,0.1576104889951912,0.2103049014747218,0.3757545538518748,Mon Mar 28 20:42:27 2022,9223.0,test
0.14031559518941478,7.0,0.9842475959887872,0.4663252189313755,0.2883404017689732,0.1979239363576881,0.1905776335914174,0.3518096414263991,1.5128363370895386,0.4896250642013102,0.3106006038427106,0.2190615022297193,0.1576104889951912,0.2103049014747218,0.3757545538518748,Tue Mar 29 02:48:29 2022,9223.0,val
0.14031559518941478,7.0,0.9842475959887872,0.4663252189313755,0.2883404017689732,0.1979239363576881,0.1905776335914174,0.3518096414263991,1.5128363370895386,0.4896250642013102,0.3106006038427106,0.2190615022297193,0.1576104889951912,0.2103049014747218,0.3757545538518748,Tue Mar 29 02:48:29 2022,9223.0,test
0.13613251147009872,7.0,1.1880911400684944,0.4253411117202388,0.2749036899750525,0.1883615268544816,0.181904055227463,0.353153497529667,1.5128671432796277,0.4671905552749254,0.303115419053009,0.2101826200852377,0.155159878768243,0.1973605004727648,0.371328720645143,Tue Mar 29 02:48:39 2022,9223.0,val
0.13613251147009872,7.0,1.1880911400684944,0.4253411117202388,0.2749036899750525,0.1883615268544816,0.181904055227463,0.353153497529667,1.5128671432796277,0.4671905552749254,0.303115419053009,0.2101826200852377,0.155159878768243,0.1973605004727648,0.371328720645143,Tue Mar 29 02:48:39 2022,9223.0,test
0.13747218642285325,7.0,1.4683382291060227,0.4613390732907861,0.2848476395311224,0.1946316964477575,0.1870387250859475,0.3533627679934455,1.6848201187033405,0.4995762711864142,0.3160505340316747,0.2212440441784082,0.1584947855333553,0.2057694137415632,0.3769751809887543,Tue Mar 29 05:14:35 2022,9223.0,val
0.13747218642285325,7.0,1.4683382291060227,0.4613390732907861,0.2848476395311224,0.1946316964477575,0.1870387250859475,0.3533627679934455,1.6848201187033405,0.4995762711864142,0.3160505340316747,0.2212440441784082,0.1584947855333553,0.2057694137415632,0.3769751809887543,Tue Mar 29 05:14:35 2022,9223.0,test
0.1420822791600544,11.0,2.194506499400505,0.4520106800429804,0.2968854823964883,0.2011192461017387,0.1882030379724632,0.3708619372573511,2.14031361906152,0.4934189477618536,0.3308913349075467,0.2287062122876143,0.1659915669536417,0.2073876181152678,0.3937950750472368,Tue Mar 29 05:28:26 2022,9223.0,val
0.1420822791600544,11.0,2.194506499400505,0.4520106800429804,0.2968854823964883,0.2011192461017387,0.1882030379724632,0.3708619372573511,2.14031361906152,0.4934189477618536,0.3308913349075467,0.2287062122876143,0.1659915669536417,0.2073876181152678,0.3937950750472368,Tue Mar 29 05:28:26 2022,9223.0,test
0.17995817474849743,4.0,2.422432140203622,0.503925839244213,0.343358373933157,0.2445147683286335,0.1966956786567025,0.3743334978077743,2.4840620316957174,0.5211607601437842,0.3554473785801653,0.2568840628766419,0.1924399825993318,0.2137750082766275,0.3843762161464635,Tue Mar 29 07:06:54 2022,9223.0,val
0.17243008449757763,16.0,1.8180063201830936,0.4770503756978683,0.3207828107645959,0.2319390067311667,0.1900916037448394,0.391361397339645,1.933097237034848,0.5226336269555486,0.3558951114382382,0.2626402493686869,0.2008590128325159,0.2113942978976065,0.4106498759220345,Tue Mar 29 07:06:54 2022,9223.0,test
0.16471539563256812,13.0,2.331021286891057,0.4142460370973241,0.2944806832328172,0.2178746266355758,0.1750632111665694,0.3735333973977519,2.3136988940991854,0.4569638111660629,0.3277461040868281,0.2467665147824788,0.1903961102116864,0.1931032275492477,0.3891505510732754,Tue Mar 29 07:37:15 2022,9223.0,val
0.16471539563256812,13.0,2.331021286891057,0.4142460370973241,0.2944806832328172,0.2178746266355758,0.1750632111665694,0.3735333973977519,2.3136988940991854,0.4569638111660629,0.3277461040868281,0.2467665147824788,0.1903961102116864,0.1931032275492477,0.3891505510732754,Tue Mar 29 07:37:15 2022,9223.0,test
0.13613251147009872,8.0,0.9955011427402496,0.4253411117202388,0.2749036899750525,0.1883615268544816,0.181904055227463,0.353153497529667,1.5615725642756413,0.4671905552749254,0.303115419053009,0.2101826200852377,0.155159878768243,0.1973605004727648,0.371328720645143,Tue Mar 29 09:37:51 2022,9223.0,val
0.13613251147009872,8.0,0.9955011427402496,0.4253411117202388,0.2749036899750525,0.1883615268544816,0.181904055227463,0.353153497529667,1.5615725642756413,0.4671905552749254,0.303115419053009,0.2101826200852377,0.155159878768243,0.1973605004727648,0.371328720645143,Tue Mar 29 09:37:51 2022,9223.0,test
0.13613251147009872,11.0,0.7353765973678001,0.4253411117202388,0.2749036899750525,0.1883615268544816,0.181904055227463,0.353153497529667,1.6764034221046848,0.4671905552749254,0.303115419053009,0.2101826200852377,0.155159878768243,0.1973605004727648,0.371328720645143,Tue Mar 29 09:45:33 2022,9223.0,val
0.13613251147009872,11.0,0.7353765973678001,0.4253411117202388,0.2749036899750525,0.1883615268544816,0.181904055227463,0.353153497529667,1.6764034221046848,0.4671905552749254,0.303115419053009,0.2101826200852377,0.155159878768243,0.1973605004727648,0.371328720645143,Tue Mar 29 09:45:33 2022,9223.0,test
0.17995817474849743,4.0,2.422432140203622,0.503925839244213,0.343358373933157,0.2445147683286335,0.1966956786567025,0.3743334978077743,2.4840620316957174,0.5211607601437842,0.3554473785801653,0.2568840628766419,0.1924399825993318,0.2137750082766275,0.3843762161464635,Tue Mar 29 20:32:03 2022,9223.0,val
0.17995817474849743,4.0,2.422432140203622,0.503925839244213,0.343358373933157,0.2445147683286335,0.1966956786567025,0.3743334978077743,2.4840620316957174,0.5211607601437842,0.3554473785801653,0.2568840628766419,0.1924399825993318,0.2137750082766275,0.3843762161464635,Tue Mar 29 20:32:03 2022,9223.0,test
0.17995817474849743,4.0,2.422432140203622,0.503925839244213,0.343358373933157,0.2445147683286335,0.1966956786567025,0.3743334978077743,2.4840620316957174,0.5211607601437842,0.3554473785801653,0.2568840628766419,0.1924399825993318,0.2137750082766275,0.3843762161464635,Tue Mar 29 20:33:53 2022,9223.0,val
0.17243008449757763,16.0,1.8180063201830936,0.4770503756978683,0.3207828107645959,0.2319390067311667,0.1900916037448394,0.391361397339645,1.933097237034848,0.5226336269555486,0.3558951114382382,0.2626402493686869,0.2008590128325159,0.2113942978976065,0.4106498759220345,Tue Mar 29 20:33:53 2022,9223.0,test
0.1309403837954649,8.0,2.868125787148109,0.394933464963284,0.2485294293094957,0.1754258497301339,0.1576618928959807,0.3646283313118353,2.6992110202186987,0.4404221601174665,0.2810501932451909,0.2027730578016957,0.1537144102073351,0.1754907092621915,0.3814178972880074,Tue Mar 29 21:53:26 2022,9223.0,val
0.1309403837954649,8.0,2.868125787148109,0.394933464963284,0.2485294293094957,0.1754258497301339,0.1576618928959807,0.3646283313118353,2.6992110202186987,0.4404221601174665,0.2810501932451909,0.2027730578016957,0.1537144102073351,0.1754907092621915,0.3814178972880074,Tue Mar 29 21:53:26 2022,9223.0,test
0.1309403837954649,8.0,2.868125787148109,0.394933464963284,0.2485294293094957,0.1754258497301339,0.1576618928959807,0.3646283313118353,2.6992110202186987,0.4404221601174665,0.2810501932451909,0.2027730578016957,0.1537144102073351,0.1754907092621915,0.3814178972880074,Tue Mar 29 21:54:46 2022,9223.0,val
0.1309403837954649,8.0,2.868125787148109,0.394933464963284,0.2485294293094957,0.1754258497301339,0.1576618928959807,0.3646283313118353,2.6992110202186987,0.4404221601174665,0.2810501932451909,0.2027730578016957,0.1537144102073351,0.1754907092621915,0.3814178972880074,Tue Mar 29 21:54:46 2022,9223.0,test
0.1223100116254454,3.0,3.641824177595285,0.3702187448833895,0.2445218612622775,0.1705105280219163,0.1551585378471871,0.3661516767075096,3.3595178503739205,0.4164696647989574,0.2751416077496277,0.1929384607198815,0.1402069382436047,0.1722587931078719,0.3789584790644202,Wed Mar 30 02:30:34 2022,9223.0,val
0.12203891673205217,4.0,3.377148435666011,0.3778080150347451,0.2434907856910624,0.1680748752097612,0.1546839978824896,0.3666567592587901,3.1545267230586003,0.4232581509076721,0.2749520506147861,0.1928730375980738,0.1417614087738397,0.171372181867064,0.3809358851376579,Wed Mar 30 02:30:34 2022,9223.0,test
0.12140546624759001,4.0,3.372826416675861,0.3797455546526299,0.2451242841360258,0.1682798092700386,0.1553385993128665,0.3665352528327252,3.1426709576656946,0.4202562385075934,0.273576145901565,0.1919036670676143,0.1413951396058658,0.1702279542972012,0.3782250049142833,Wed Mar 30 02:35:02 2022,9223.0,val
0.12067573400890404,2.0,4.08325469493866,0.3828644375806625,0.2548747992328933,0.1754044246329165,0.1502127518955367,0.3643484308604087,3.684648814954256,0.423794770190112,0.2865436988977309,0.2011871891587194,0.1424999895102204,0.1667618021707539,0.3785787000776004,Wed Mar 30 02:35:02 2022,9223.0,test
0.11784231363772364,5.0,3.182701028310336,0.3600319533844431,0.226211308540157,0.157514434961449,0.151885188548213,0.3610602154859487,2.9745679403606213,0.4081456803528267,0.2545539264640059,0.1773650134440626,0.1325422147760972,0.167513952953825,0.3718582952282092,Wed Mar 30 05:41:51 2022,9223.0,val
0.11274852501333502,6.0,3.0379732737174403,0.3163430589407476,0.2054899011403966,0.1488535556219547,0.1500003508048003,0.3675622868458249,2.842170150656449,0.3654346615510578,0.236971266058332,0.1734054832179467,0.1333467006135802,0.1665171306301942,0.3822813304938541,Wed Mar 30 05:41:51 2022,9223.0,test
0.13731154920982544,1.0,3.684350716150724,0.3933441141954583,0.2643276826067882,0.1886812042461148,0.1761156555933753,0.371932761898312,2.7123501300811768,0.441842370553888,0.3022905669700612,0.220724409097366,0.1655575961783059,0.1942095696868949,0.3938907961189166,Wed Mar 30 05:42:56 2022,9223.0,val
0.13731154920982544,1.0,3.684350716150724,0.3933441141954583,0.2643276826067882,0.1886812042461148,0.1761156555933753,0.371932761898312,2.7123501300811768,0.441842370553888,0.3022905669700612,0.220724409097366,0.1655575961783059,0.1942095696868949,0.3938907961189166,Wed Mar 30 05:42:56 2022,9223.0,test
0.12106360482394384,1.0,3.6824519010690544,0.3182317305975708,0.2198986378936679,0.1606225099404189,0.1628365700777306,0.3689560865443193,2.6984940579063013,0.3686427222180677,0.2591463827104073,0.192701984634505,0.1475725027472775,0.1803479974418145,0.389207526025477,Wed Mar 30 08:41:11 2022,9223.0,val
0.12106360482394384,1.0,3.6824519010690544,0.3182317305975708,0.2198986378936679,0.1606225099404189,0.1628365700777306,0.3689560865443193,2.6984940579063013,0.3686427222180677,0.2591463827104073,0.192701984634505,0.1475725027472775,0.1803479974418145,0.389207526025477,Wed Mar 30 08:41:11 2022,9223.0,test
0.13814578545388653,24.0,0.5774356906230633,0.4518057921801974,0.2779864008820319,0.1916454103827915,0.1829321465533337,0.347579141291265,1.7634256638978656,0.4906497622820659,0.3130861550957128,0.224430772280267,0.1662635232733854,0.2045891623869099,0.3733809165110817,Wed Mar 30 08:42:09 2022,9223.0,val
0.13814578545388653,24.0,0.5774356906230633,0.4518057921801974,0.2779864008820319,0.1916454103827915,0.1829321465533337,0.347579141291265,1.7634256638978656,0.4906497622820659,0.3130861550957128,0.224430772280267,0.1662635232733854,0.2045891623869099,0.3733809165110817,Wed Mar 30 08:42:09 2022,9223.0,test
0.11693064130893435,8.0,2.8164590028616097,0.358057205696535,0.2251555439820523,0.1566398745879736,0.1516791113728898,0.3604893629742534,2.652128169411107,0.4061849377190049,0.25408603245742,0.1776409497748733,0.1329929226161808,0.1675176852492667,0.3727161178087413,Wed Mar 30 19:56:03 2022,9223.0,val
0.11670242712916021,4.0,3.382812419304481,0.3639045150569841,0.2301303736012805,0.1597149511386812,0.1471611653692831,0.3591112071000327,3.158305808117515,0.4127390263854556,0.2616388352024271,0.1842276714590027,0.1366668494243646,0.1645379203730295,0.3732265679280846,Wed Mar 30 19:56:03 2022,9223.0,test
0.13521490914926418,15.0,2.8294430824426504,0.394568377406119,0.2522359389410041,0.1797423120645736,0.1603830758061229,0.365469334497412,2.686634239397551,0.4408877773430106,0.2859328242672949,0.2080946590375313,0.1588538633868604,0.1795553216858829,0.3821467049239848,Wed Mar 30 19:56:24 2022,9223.0,val
0.13519926742199123,16.0,2.779406950106988,0.3943858336275364,0.2521775847611738,0.1797145890268756,0.1603644322759737,0.365640239899178,2.6559500694274902,0.440991247837576,0.2859663746134669,0.2081109367800131,0.1588631827887008,0.1795270790429271,0.3821467049239848,Wed Mar 30 19:56:24 2022,9223.0,test
0.15775293857100697,11.0,2.403172626862159,0.4566145092460476,0.3060762785667885,0.2180350494326723,0.1925178257702205,0.3629077897181049,2.302012939202158,0.4436663693130935,0.297881308347158,0.2140030683419006,0.1578773753544482,0.205583604917963,0.3734066781459355,Wed Mar 30 22:15:50 2022,9223.0,val
0.14014292971349943,6.0,2.74577620946444,0.3827030317982551,0.2658889293888868,0.1920541513681286,0.1719137864108728,0.3815800353079916,2.76210786166944,0.4272296720603827,0.3004600762727227,0.2201582612546598,0.162991641981315,0.1897491056821768,0.399565537965231,Wed Mar 30 22:15:50 2022,9223.0,test
0.1628616261158582,4.0,3.155115809807411,0.4076588416069358,0.2891564177388062,0.214530653294532,0.1601462244658538,0.3797020889714151,2.7434808956949333,0.449299465590062,0.3252115080518586,0.24651578961572,0.1908907094470789,0.1802118827890225,0.398516995659319,Wed Mar 30 22:17:10 2022,9223.0,val
0.1628616261158582,4.0,3.155115809807411,0.4076588416069358,0.2891564177388062,0.214530653294532,0.1601462244658538,0.3797020889714151,2.7434808956949333,0.449299465590062,0.3252115080518586,0.24651578961572,0.1908907094470789,0.1802118827890225,0.398516995659319,Wed Mar 30 22:17:10 2022,9223.0,test
0.15138425282016918,6.0,2.4168565447513872,0.4422752885436202,0.2888608218967186,0.20375050924999,0.1778673018369095,0.3685398036907464,2.242531757605703,0.482327804488546,0.3133553856253211,0.2224580363021095,0.165908587940556,0.1936196989763686,0.3784542230565854,Thu Mar 31 00:37:24 2022,9223.0,val
0.15138425282016918,6.0,2.4168565447513872,0.4422752885436202,0.2888608218967186,0.20375050924999,0.1778673018369095,0.3685398036907464,2.242531757605703,0.482327804488546,0.3133553856253211,0.2224580363021095,0.165908587940556,0.1936196989763686,0.3784542230565854,Thu Mar 31 00:37:24 2022,9223.0,test
0.14214757775739417,6.0,2.455065310918368,0.3846197414733716,0.2649025731253201,0.1908808462048803,0.1831699078047428,0.3657444779525667,2.3211909908997383,0.4335413722288699,0.2988259187365913,0.2189061130342242,0.1658557460297209,0.2005723320044484,0.3847863955689737,Thu Mar 31 00:38:39 2022,9223.0,val
0.14214757775739417,6.0,2.455065310918368,0.3846197414733716,0.2649025731253201,0.1908808462048803,0.1831699078047428,0.3657444779525667,2.3211909908997383,0.4335413722288699,0.2988259187365913,0.2189061130342242,0.1658557460297209,0.2005723320044484,0.3847863955689737,Thu Mar 31 00:38:39 2022,9223.0,test
0.15331683860842082,4.0,2.1745433477255016,0.458921660414603,0.2924428384426117,0.2062757631665074,0.1736726303243887,0.374043508024298,2.0410296791478206,0.4943326271186178,0.3206860850235524,0.2313794166643725,0.1748826265937136,0.1944456818680611,0.3936432887539907,Thu Mar 31 04:02:55 2022,9223.0,val
0.15331683860842082,4.0,2.1745433477255016,0.458921660414603,0.2924428384426117,0.2062757631665074,0.1736726303243887,0.374043508024298,2.0410296791478206,0.4943326271186178,0.3206860850235524,0.2313794166643725,0.1748826265937136,0.1944456818680611,0.3936432887539907,Thu Mar 31 04:02:55 2022,9223.0,test
0.14031559518941478,24.0,0.4696378368597764,0.4663252189313755,0.2883404017689732,0.1979239363576881,0.1905776335914174,0.3518096414263991,1.7827389428490086,0.4896250642013102,0.3106006038427106,0.2190615022297193,0.1576104889951912,0.2103049014747218,0.3757545538518748,Thu Mar 31 04:06:57 2022,9223.0,val
0.14031559518941478,24.0,0.4696378368597764,0.4663252189313755,0.2883404017689732,0.1979239363576881,0.1905776335914174,0.3518096414263991,1.7827389428490086,0.4896250642013102,0.3106006038427106,0.2190615022297193,0.1576104889951912,0.2103049014747218,0.3757545538518748,Thu Mar 31 04:06:57 2022,9223.0,test
0.06702322800171036,21.0,0.3314436279810392,0.2079392009053833,0.1239799141812213,0.0877274822102474,0.1055376688815712,0.2958253620864349,1.890478949797781,0.246462201500042,0.1499806175779534,0.1079443274677226,0.0829229766612848,0.1205565371300484,0.3124992621458473,Thu Mar 31 05:23:50 2022,9223.0,val
0.06702322800171036,21.0,0.3314436279810392,0.2079392009053833,0.1239799141812213,0.0877274822102474,0.1055376688815712,0.2958253620864349,1.890478949797781,0.246462201500042,0.1499806175779534,0.1079443274677226,0.0829229766612848,0.1205565371300484,0.3124992621458473,Thu Mar 31 05:23:50 2022,9223.0,test
0.06461085764791634,24.0,1.8092718170239368,0.1865251622609468,0.1202630412190892,0.087532731636767,0.1073914423430819,0.2783729984644166,1.8807998017260903,0.229312193201588,0.1544575944866848,0.1162630406960777,0.088117032803722,0.1250026769583124,0.3038409418665147,Thu Mar 31 05:32:57 2022,9223.0,val
0.06461085764791634,24.0,1.8092718170239368,0.1865251622609468,0.1202630412190892,0.087532731636767,0.1073914423430819,0.2783729984644166,1.8807998017260903,0.229312193201588,0.1544575944866848,0.1162630406960777,0.088117032803722,0.1250026769583124,0.3038409418665147,Thu Mar 31 05:32:57 2022,9223.0,test
0.15167894875290755,4.0,2.720472002029419,0.4197088256956124,0.2843776468021194,0.2039618904250996,0.1736082951887234,0.3737633157077472,2.4416245159349943,0.4611949575657486,0.3112263693261964,0.2231049047151466,0.1659303897491842,0.1886784257616305,0.3854044831303962,Thu Mar 31 06:50:37 2022,9223.0,val
0.15167894875290755,4.0,2.720472002029419,0.4197088256956124,0.2843776468021194,0.2039618904250996,0.1736082951887234,0.3737633157077472,2.4416245159349943,0.4611949575657486,0.3112263693261964,0.2231049047151466,0.1659303897491842,0.1886784257616305,0.3854044831303962,Thu Mar 31 06:50:37 2022,9223.0,test
0.14031559518941478,24.0,0.4696378368597764,0.4663252189313755,0.2883404017689732,0.1979239363576881,0.1905776335914174,0.3518096414263991,1.7827389428490086,0.4896250642013102,0.3106006038427106,0.2190615022297193,0.1576104889951912,0.2103049014747218,0.3757545538518748,Thu Mar 31 07:23:42 2022,9223.0,val
0.14031559518941478,24.0,0.4696378368597764,0.4663252189313755,0.2883404017689732,0.1979239363576881,0.1905776335914174,0.3518096414263991,1.7827389428490086,0.4896250642013102,0.3106006038427106,0.2190615022297193,0.1576104889951912,0.2103049014747218,0.3757545538518748,Thu Mar 31 07:23:42 2022,9223.0,test
0.14031559518941478,24.0,0.4783559599748024,0.4663252189313755,0.2883404017689732,0.1979239363576881,0.1905776335914174,0.3518096414263991,1.741740057342931,0.4896250642013102,0.3106006038427106,0.2190615022297193,0.1576104889951912,0.2103049014747218,0.3757545538518748,Thu Mar 31 22:10:06 2022,9223.0,val
0.14031559518941478,24.0,0.4783559599748024,0.4663252189313755,0.2883404017689732,0.1979239363576881,0.1905776335914174,0.3518096414263991,1.741740057342931,0.4896250642013102,0.3106006038427106,0.2190615022297193,0.1576104889951912,0.2103049014747218,0.3757545538518748,Thu Mar 31 22:10:06 2022,9223.0,test
0.14031559518941478,24.0,0.4673692547357999,0.4663252189313755,0.2883404017689732,0.1979239363576881,0.1905776335914174,0.3518096414263991,1.7525793000271446,0.4896250642013102,0.3106006038427106,0.2190615022297193,0.1576104889951912,0.2103049014747218,0.3757545538518748,Thu Mar 31 22:40:42 2022,9223.0,val
0.14031559518941478,24.0,0.4673692547357999,0.4663252189313755,0.2883404017689732,0.1979239363576881,0.1905776335914174,0.3518096414263991,1.7525793000271446,0.4896250642013102,0.3106006038427106,0.2190615022297193,0.1576104889951912,0.2103049014747218,0.3757545538518748,Thu Mar 31 22:40:42 2022,9223.0,test
0.06400886298630389,2.0,2.5944859211261457,0.1988625889127359,0.1180353903908086,0.0835544869652126,0.1034722429799017,0.2947400749420253,2.249904663939225,0.2414891728040812,0.1465750801725187,0.1054548646899315,0.0810170465782471,0.1194584107040931,0.3121804906222145,Fri Apr  1 03:03:50 2022,9223.0,val
0.06400886298630389,2.0,2.5944859211261457,0.1988625889127359,0.1180353903908086,0.0835544869652126,0.1034722429799017,0.2947400749420253,2.249904663939225,0.2414891728040812,0.1465750801725187,0.1054548646899315,0.0810170465782471,0.1194584107040931,0.3121804906222145,Fri Apr  1 03:03:50 2022,9223.0,test
0.13532452452618207,3.0,2.86738034761869,0.3970243645671268,0.266591400109805,0.1851266414204446,0.1778263705409063,0.3550548869741289,2.4362970151399312,0.4388377889353103,0.295752926969365,0.2078850654909951,0.1551769261558681,0.192604864963708,0.3729855461083851,Fri Apr  1 04:16:53 2022,9223.0,val
0.13532452452618207,3.0,2.86738034761869,0.3970243645671268,0.266591400109805,0.1851266414204446,0.1778263705409063,0.3550548869741289,2.4362970151399312,0.4388377889353103,0.295752926969365,0.2078850654909951,0.1551769261558681,0.192604864963708,0.3729855461083851,Fri Apr  1 04:16:53 2022,9223.0,test
0.13985860045591683,24.0,0.2977523712011484,0.4652592219637436,0.288333348188308,0.1976283584416268,0.189726613666661,0.3500546777319983,1.9451557837034528,0.4887005649717263,0.3109738420533694,0.2199314461239286,0.1592458507101567,0.2098034042884534,0.3750179823119559,Fri Apr  1 04:18:40 2022,9223.0,val
0.13985860045591683,24.0,0.2977523712011484,0.4652592219637436,0.288333348188308,0.1976283584416268,0.189726613666661,0.3500546777319983,1.9451557837034528,0.4887005649717263,0.3109738420533694,0.2199314461239286,0.1592458507101567,0.2098034042884534,0.3750179823119559,Fri Apr  1 04:18:40 2022,9223.0,test
<<<<<<< HEAD
0.14031559518941478,7.0,1.083305215377074,0.4663252189313755,0.2883404017689732,0.1979239363576881,0.1905776335914174,0.3518096414263991,1.5609762480384426,0.4896250642013102,0.3106006038427106,0.2190615022297193,0.1576104889951912,0.2103049014747218,0.3757545538518748,Fri Apr  1 20:44:45 2022,9223.0,val
0.14031559518941478,7.0,1.083305215377074,0.4663252189313755,0.2883404017689732,0.1979239363576881,0.1905776335914174,0.3518096414263991,1.5609762480384426,0.4896250642013102,0.3106006038427106,0.2190615022297193,0.1576104889951912,0.2103049014747218,0.3757545538518748,Fri Apr  1 20:44:45 2022,9223.0,test
0.12332020167280272,1.0,3.325117365213541,0.418714631841277,0.2561067979077499,0.1714993378732742,0.1671734949231859,0.3470132946689405,2.272981781708567,0.45782547161391,0.2823471314793463,0.1916303078037435,0.1401889771948256,0.1809877154405786,0.3620199597442948,Fri Apr  1 22:53:50 2022,9223.0,val
0.12332020167280272,1.0,3.325117365213541,0.418714631841277,0.2561067979077499,0.1714993378732742,0.1671734949231859,0.3470132946689405,2.272981781708567,0.45782547161391,0.2823471314793463,0.1916303078037435,0.1401889771948256,0.1809877154405786,0.3620199597442948,Fri Apr  1 22:53:50 2022,9223.0,test
0.1392450145133924,4.0,2.8801748862633336,0.372774512446312,0.25689394388406805,0.18929455571452203,0.12279061861290497,0.3426882915668856,2.811000999651457,0.40177867239738024,0.27824011834785006,0.20713694997582868,0.15492645014053813,0.13391779432811068,0.3546916325203031,Sat Apr  2 16:24:08 2022,9223.0,val
0.12660366341332518,2.0,2.838316765198341,0.3450759266455947,0.23897306253163625,0.17251991197595806,0.14738359726718606,0.36682443764730677,2.7332049420005395,0.3974344470572126,0.27848917939080753,0.20570159998907886,0.15485669078579795,0.16686718900363529,0.3900973513495514,Sat Apr  2 16:24:08 2022,9223.0,test
=======
0.1406684044289734,9.0,2.447954300733713,0.4628944826037455,0.2995357677223435,0.2022144288933711,0.1771842286467262,0.3475586966279247,2.37467234385641,0.4681954137587005,0.3059264433135489,0.2095791057904625,0.1460493634696792,0.1957200049176976,0.3632257469585352,Fri Apr  1 21:26:27 2022,9223.0,val
0.15283348681510048,4.0,3.001865746424748,0.4102044173529706,0.2737427765643625,0.2016485576773133,0.1594842220000237,0.3552317937936118,2.705953472538998,0.4567638486487602,0.3084126071497221,0.2309133260861352,0.178212636845085,0.1800910126958998,0.3691177604920044,Fri Apr  1 21:26:27 2022,9223.0,test
0.15041142427923004,8.0,2.802922894404485,0.4811347179274731,0.3093703357766582,0.2126773106091203,0.1929965880471651,0.3738118256438738,2.5845550235949064,0.4842971086739539,0.3161782311369907,0.2236241064682057,0.1622702110375693,0.2127291189691352,0.3917583434733616,Fri Apr  1 22:52:02 2022,9223.0,val
0.15041142427923004,8.0,2.802922894404485,0.4811347179274731,0.3093703357766582,0.2126773106091203,0.1929965880471651,0.3738118256438738,2.5845550235949064,0.4842971086739539,0.3161782311369907,0.2236241064682057,0.1622702110375693,0.2127291189691352,0.3917583434733616,Fri Apr  1 22:52:02 2022,9223.0,test
0.13532452452618207,7.0,2.7863253776843733,0.3970243645671268,0.266591400109805,0.1851266414204446,0.1778263705409063,0.3550548869741289,2.5249876223112406,0.4388377889353103,0.295752926969365,0.2078850654909951,0.1551769261558681,0.192604864963708,0.3729855461083851,Sat Apr  2 00:13:46 2022,9223.0,val
0.13532452452618207,7.0,2.7863253776843733,0.3970243645671268,0.266591400109805,0.1851266414204446,0.1778263705409063,0.3550548869741289,2.5249876223112406,0.4388377889353103,0.295752926969365,0.2078850654909951,0.1551769261558681,0.192604864963708,0.3729855461083851,Sat Apr  2 00:13:46 2022,9223.0,test
0.15775293857100697,11.0,2.403172626862159,0.4566145092460476,0.3060762785667885,0.2180350494326723,0.1925178257702205,0.3629077897181049,2.302012939202158,0.4436663693130935,0.297881308347158,0.2140030683419006,0.1578773753544482,0.205583604917963,0.3734066781459355,Sat Apr  2 03:42:00 2022,9223.0,val
0.15775293857100697,11.0,2.403172626862159,0.4566145092460476,0.3060762785667885,0.2180350494326723,0.1925178257702205,0.3629077897181049,2.302012939202158,0.4436663693130935,0.297881308347158,0.2140030683419006,0.1578773753544482,0.205583604917963,0.3734066781459355,Sat Apr  2 03:42:00 2022,9223.0,test
0.13613251147009872,8.0,0.9955011427402496,0.42534111172023886,0.2749036899750525,0.1883615268544816,0.18190405522746309,0.353153497529667,1.5615725642756413,0.4671905552749254,0.30311541905300904,0.2101826200852377,0.15515987876824308,0.19736050047276482,0.371328720645143,Sat Apr  2 07:32:52 2022,9223.0,val
0.13613251147009872,8.0,0.9955011427402496,0.42534111172023886,0.2749036899750525,0.1883615268544816,0.18190405522746309,0.353153497529667,1.5615725642756413,0.4671905552749254,0.30311541905300904,0.2101826200852377,0.15515987876824308,0.19736050047276482,0.371328720645143,Sat Apr  2 07:32:52 2022,9223.0,test
>>>>>>> 331bd0fb40c0c29188305d5698d722504bf0279b
